,Latitude,Longitude,dt,Altitude,hdop
0,40.53842,141.55726,2019/05/13 00:52:15,14.11,5.2
1,40.53867,141.55773,2019/05/13 04:22:08,50.07,1.4
2,40.53835,141.55696,2019/05/13 04:52:15,50.07,4.7
3,40.53855,141.55742,2019/05/13 05:22:14,50.07,11.0
4,40.53901,141.5586,2019/05/13 05:52:09,32.41,1.3
5,40.54367,141.5093,2019/05/13 06:22:08,35.03,1.2
6,40.54088,141.5039,2019/05/13 06:52:08,35.43,1.2
7,40.54282,141.50828,2019/05/13 07:22:08,33.37,4.6
8,40.54283,141.50856,2019/05/13 07:52:08,31.83,1.7
9,40.55676,141.51554,2019/05/13 08:22:07,37.23,2.2
10,40.55681,141.51551,2019/05/13 08:52:07,44.65,2.5
11,40.5629,141.53485,2019/05/13 09:22:07,43.31,2.1
12,40.60259,141.55986,2019/05/13 09:52:07,43.53,1.1
13,40.64793,141.58619,2019/05/13 10:22:08,36.0,1.5
14,40.66167,141.58873,2019/05/13 10:52:08,36.73,1.7
15,40.68508,141.59902,2019/05/13 11:22:07,34.87,1.4
16,40.69138,141.60188,2019/05/13 11:52:08,38.99,1.3
17,40.71731,141.59708,2019/05/13 12:22:07,36.46,1.1
18,40.75269,141.58786,2019/05/13 12:52:08,39.71,1.2
19,40.75785,141.59101,2019/05/13 13:22:07,34.31,1.0
20,40.75977,141.59235,2019/05/13 13:52:08,35.74,1.2
21,40.77532,141.59308,2019/05/13 14:22:07,35.67,1.9
22,40.77762,141.59449,2019/05/13 14:52:06,33.25,1.1
23,40.80473,141.61391,2019/05/13 15:22:06,41.15,1.4
24,40.82389,141.62009,2019/05/13 15:52:06,34.61,1.4
25,40.82687,141.62155,2019/05/13 16:22:11,35.83,1.3
26,40.83502,141.62432,2019/05/13 16:52:10,32.84,1.3
27,40.83681,141.62586,2019/05/13 17:22:11,33.51,1.3
28,40.83784,141.62716,2019/05/13 17:52:06,33.71,1.3
29,40.84945,141.62245,2019/05/13 18:22:06,32.61,1.4
30,40.91079,141.64623,2019/05/13 18:52:07,37.16,2.4
31,41.01818,141.73762,2019/05/13 19:22:06,46.3,1.2
32,41.01721,141.89359,2019/05/13 19:52:06,42.21,3.0
33,40.9151,141.86746,2019/05/13 20:22:06,39.95,2.0
34,40.80369,141.78621,2019/05/13 20:52:06,50.08,2.1
35,40.664,141.65159,2019/05/13 21:22:07,36.08,1.3
36,40.54519,141.55684,2019/05/13 21:52:06,39.77,1.0
37,40.53894,141.55799,2019/05/13 22:22:06,39.5,3.4
38,40.53894,141.55798,2019/05/13 22:52:05,40.1,1.6
39,40.53897,141.55789,2019/05/13 23:22:05,37.12,1.3
40,40.53892,141.55799,2019/05/13 23:52:05,36.61,1.6
41,40.53894,141.55793,2019/05/14 00:22:08,37.37,3.6
42,40.53894,141.55801,2019/05/14 00:52:06,35.75,1.0
43,40.53889,141.5579,2019/05/14 01:22:05,37.16,2.0
44,40.53895,141.5579,2019/05/14 01:52:06,43.32,1.2
45,40.53897,141.55794,2019/05/14 02:22:05,38.14,4.0
46,40.53895,141.55799,2019/05/14 02:52:05,36.75,1.4
47,40.53891,141.55797,2019/05/14 03:22:06,37.4,1.6
48,40.539,141.55796,2019/05/14 03:52:05,35.75,1.6
49,40.53895,141.55791,2019/05/14 04:22:06,38.48,1.3
50,40.53898,141.55799,2019/05/14 04:52:05,39.24,1.2
51,40.53895,141.55795,2019/05/14 05:22:05,42.22,1.1
52,40.54068,141.50171,2019/05/14 05:52:06,42.31,1.1
53,40.57555,141.48202,2019/05/14 06:22:05,35.17,1.0
54,40.68547,141.4464,2019/05/14 06:52:05,34.5,0.9
55,40.76897,141.57327,2019/05/14 07:22:05,37.87,2.1
56,40.79716,141.58585,2019/05/14 07:52:11,36.01,2.1
57,40.76774,141.5839,2019/05/14 08:22:04,35.43,1.8
58,40.76465,141.58509,2019/05/14 08:52:04,36.04,1.3
59,40.75014,141.56839,2019/05/14 09:22:04,36.94,2.8
60,40.75059,141.56448,2019/05/14 09:52:04,36.77,1.9
61,40.74692,141.56841,2019/05/14 10:22:04,37.66,1.1
62,40.74464,141.57234,2019/05/14 10:52:04,33.54,1.6
63,40.74156,141.57833,2019/05/14 11:22:04,35.15,1.4
64,40.73774,141.58407,2019/05/14 11:52:04,36.88,1.4
65,40.73355,141.58908,2019/05/14 12:22:04,37.6,0.9
66,40.72875,141.5946,2019/05/14 12:52:04,31.63,3.5
67,40.72455,141.59965,2019/05/14 13:22:04,33.39,1.0
68,40.72111,141.60467,2019/05/14 13:52:06,34.13,1.2
69,40.71644,141.61064,2019/05/14 14:22:04,32.05,1.3
70,40.71181,141.61565,2019/05/14 14:52:04,29.12,1.1
71,40.70745,141.61975,2019/05/14 15:22:03,31.89,1.1
72,40.70281,141.62343,2019/05/14 15:52:03,33.94,1.3
73,40.69839,141.62688,2019/05/14 16:22:03,34.41,1.3
74,40.69443,141.6304,2019/05/14 16:52:04,34.67,2.4
75,40.69092,141.6335,2019/05/14 17:22:03,36.69,1.7
76,40.68713,141.63539,2019/05/14 17:52:03,39.12,7.9
77,40.68296,141.63671,2019/05/14 18:22:03,38.71,1.0
78,40.68769,141.65353,2019/05/14 18:52:04,53.26,1.6
79,40.74125,141.67803,2019/05/14 19:22:04,46.0,1.2
80,40.81872,141.62281,2019/05/14 19:52:03,52.04,1.1
81,40.88164,141.48645,2019/05/14 20:22:03,39.28,1.3
82,40.93651,141.40158,2019/05/14 20:52:03,36.94,1.8
83,40.99318,141.45087,2019/05/14 21:22:03,52.67,2.4
84,41.01532,141.47302,2019/05/14 21:52:03,38.18,1.9
85,41.01033,141.41076,2019/05/14 22:22:03,35.07,2.8
86,41.01047,141.41126,2019/05/14 22:52:02,33.74,1.5
87,41.01347,141.4108,2019/05/14 23:22:02,32.25,1.3
88,41.01055,141.41091,2019/05/14 23:52:02,32.0,1.3
89,40.93794,141.40124,2019/05/15 00:22:02,37.76,1.1
90,40.93792,141.4012,2019/05/15 00:52:02,40.82,1.7
91,40.93531,141.40097,2019/05/15 01:22:02,38.51,1.0
92,40.88827,141.45718,2019/05/15 01:52:02,49.83,2.5
93,40.80664,141.56969,2019/05/15 02:22:02,56.3,1.4
94,40.78735,141.5632,2019/05/15 02:52:03,31.48,1.1
95,40.79961,141.55006,2019/05/15 03:22:02,31.86,1.4
96,40.8008,141.55736,2019/05/15 03:52:02,32.32,1.3
97,40.83312,141.60286,2019/05/15 04:22:02,39.43,2.0
98,40.80314,141.57762,2019/05/15 04:52:03,42.0,1.1
99,40.71229,141.42473,2019/05/15 05:22:02,32.4,1.1
100,40.60199,141.46239,2019/05/15 05:52:01,33.04,0.9
101,40.56355,141.49704,2019/05/15 06:22:01,34.57,1.2
102,40.539,141.5579,2019/05/15 06:52:01,32.89,1.9
103,40.53887,141.5578,2019/05/15 07:22:01,38.19,5.7
104,40.53895,141.5579,2019/05/15 07:52:01,40.13,2.9
105,40.53894,141.55794,2019/05/15 08:22:01,38.11,1.8
106,40.53909,141.55779,2019/05/15 08:52:01,34.72,2.2
107,40.53892,141.55794,2019/05/15 09:22:02,37.36,2.7
108,40.53895,141.55795,2019/05/15 09:52:01,41.5,2.1
109,40.53892,141.55798,2019/05/15 10:22:01,41.78,3.0
110,40.53895,141.55795,2019/05/15 10:52:01,36.85,1.7
111,40.53895,141.55792,2019/05/15 11:22:01,37.26,1.5
112,40.53897,141.55795,2019/05/15 11:52:01,37.33,1.3
113,40.53896,141.55792,2019/05/15 12:22:01,42.51,1.4
114,40.53893,141.55793,2019/05/15 12:52:00,41.38,1.3
115,40.53892,141.55796,2019/05/15 13:22:00,41.0,1.6
116,40.53895,141.55796,2019/05/15 13:52:00,39.06,1.2
117,40.53893,141.55791,2019/05/15 14:22:00,40.38,1.1
118,40.53895,141.55789,2019/05/15 14:52:00,42.08,1.1
119,40.53896,141.55793,2019/05/15 15:22:00,41.98,1.4
120,40.53893,141.55783,2019/05/15 15:52:07,41.98,2.2
121,40.53894,141.55797,2019/05/15 16:22:07,45.32,2.6
122,40.53892,141.55795,2019/05/15 16:52:01,35.98,1.3
123,40.53893,141.55794,2019/05/15 17:22:00,40.54,1.3
124,40.53891,141.55796,2019/05/15 17:52:00,48.89,1.4
125,40.53894,141.55796,2019/05/15 18:22:00,43.58,1.1
126,40.53898,141.558,2019/05/15 18:52:00,42.77,2.7
127,40.53897,141.55793,2019/05/15 19:22:01,42.48,2.2
128,40.53894,141.55798,2019/05/15 19:52:00,40.45,1.1
129,40.53897,141.55798,2019/05/15 20:21:59,40.87,1.5
130,40.53894,141.55798,2019/05/15 20:51:59,39.43,2.2
131,40.539,141.5579,2019/05/15 21:21:59,41.42,4.8
132,40.53891,141.55788,2019/05/15 21:51:59,41.78,3.2
133,40.5387,141.55327,2019/05/15 22:21:59,48.66,0.9
134,40.55967,141.50321,2019/05/15 22:52:02,43.28,1.3
135,40.63991,141.44795,2019/05/15 23:21:59,34.97,1.5
136,40.70996,141.44272,2019/05/15 23:51:59,44.41,1.0
137,40.81373,141.40734,2019/05/16 00:21:59,36.5,1.4
138,40.90334,141.39167,2019/05/16 00:51:59,34.42,1.1
139,40.90296,141.39171,2019/05/16 01:21:59,33.93,1.0
140,40.90467,141.39164,2019/05/16 01:52:00,28.58,1.2
141,40.90262,141.39171,2019/05/16 02:21:59,29.38,1.6
142,40.93594,141.40101,2019/05/16 02:52:01,38.96,1.1
143,40.93362,141.385,2019/05/16 03:21:58,39.13,1.7
144,40.93203,141.40137,2019/05/16 03:51:58,31.13,2.5
145,40.93351,141.40123,2019/05/16 04:21:59,30.27,1.3
146,40.93214,141.40125,2019/05/16 04:51:59,33.84,1.5
147,40.93407,141.39732,2019/05/16 05:21:58,35.88,1.6
148,40.93196,141.40129,2019/05/16 05:51:58,31.43,1.7
149,40.93727,141.40136,2019/05/16 06:21:58,52.14,1.5
150,40.932,141.40129,2019/05/16 06:51:58,32.04,2.9
151,40.93317,141.40127,2019/05/16 07:21:59,43.19,1.6
152,40.92634,141.40528,2019/05/16 07:52:03,23.3,2.1
153,40.92695,141.4045,2019/05/16 08:21:58,39.3,1.2
154,40.93207,141.40132,2019/05/16 08:51:58,43.5,2.6
155,40.9331,141.40102,2019/05/16 09:21:58,43.0,1.1
156,40.93622,141.40322,2019/05/16 09:51:58,32.55,1.1
157,40.92399,141.40966,2019/05/16 10:21:58,33.35,2.0
158,40.92451,141.41171,2019/05/16 10:51:57,33.42,1.6
159,40.92605,141.41253,2019/05/16 11:21:58,35.29,2.3
160,40.92828,141.41181,2019/05/16 11:51:57,31.49,1.9
161,40.929,141.4114,2019/05/16 12:21:57,38.52,0.9
162,40.92916,141.41273,2019/05/16 12:51:57,34.1,1.7
163,40.92976,141.41386,2019/05/16 13:21:58,33.25,1.0
164,40.93071,141.41427,2019/05/16 13:51:58,33.59,1.2
165,40.9327,141.41557,2019/05/16 14:21:57,37.29,1.1
166,40.94184,141.42066,2019/05/16 14:51:57,33.99,1.4
167,40.9409,141.42235,2019/05/16 15:21:57,32.96,1.4
168,40.94041,141.42607,2019/05/16 15:51:58,35.27,1.8
169,40.94448,141.4325,2019/05/16 16:21:57,33.61,1.3
170,40.94163,141.43353,2019/05/16 16:51:57,32.14,1.2
171,40.93791,141.43405,2019/05/16 17:21:57,34.07,1.9
172,40.93373,141.43357,2019/05/16 17:51:56,35.75,1.0
173,40.93365,141.43909,2019/05/16 18:21:56,33.82,1.9
174,40.93444,141.44382,2019/05/16 18:51:56,36.08,2.2
175,40.93681,141.44592,2019/05/16 19:21:56,36.18,1.1
176,40.93532,141.44526,2019/05/16 19:51:58,35.64,1.1
177,40.93214,141.44392,2019/05/16 20:21:56,34.07,1.5
178,40.92618,141.43915,2019/05/16 20:51:56,34.71,1.5
179,40.92597,141.42457,2019/05/16 21:21:56,38.57,0.9
180,40.92487,141.42223,2019/05/16 21:51:56,37.32,1.0
181,40.94115,141.41109,2019/05/16 22:21:57,51.96,1.1
182,40.97909,141.38649,2019/05/16 22:51:56,37.18,1.4
183,40.98126,141.38787,2019/05/16 23:21:56,37.22,1.3
184,40.97353,141.42022,2019/05/16 23:52:02,36.67,1.4
185,40.97171,141.41853,2019/05/17 00:21:56,35.51,1.1
186,40.96964,141.41735,2019/05/17 00:51:56,30.73,1.4
187,40.97921,141.38784,2019/05/17 01:21:55,32.05,2.3
188,40.97936,141.38909,2019/05/17 01:51:55,36.53,1.4
189,41.01044,141.41038,2019/05/17 02:21:55,31.88,1.1
190,41.01042,141.41049,2019/05/17 02:51:55,30.63,1.3
191,41.01103,141.41024,2019/05/17 03:21:55,31.3,1.5
192,41.01402,141.41099,2019/05/17 03:51:55,31.33,1.4
193,41.01506,141.41024,2019/05/17 04:21:55,32.6,1.8
194,41.01505,141.41052,2019/05/17 04:51:55,31.15,1.3
195,40.99493,141.38611,2019/05/17 05:21:55,33.75,2.1
196,40.99328,141.38597,2019/05/17 05:51:55,34.46,1.6
197,40.97926,141.38913,2019/05/17 06:21:55,32.77,2.0
198,40.98296,141.38658,2019/05/17 06:51:55,33.17,1.2
199,40.98384,141.38589,2019/05/17 07:21:55,32.06,1.1
200,40.93198,141.40139,2019/05/17 07:51:55,35.28,1.7
201,40.92905,141.40261,2019/05/17 08:21:54,41.77,1.6
202,40.93245,141.40126,2019/05/17 08:51:54,42.2,1.3
203,40.91818,141.41387,2019/05/17 09:21:54,38.66,2.4
204,40.73924,141.47208,2019/05/17 09:51:54,42.38,1.0
205,40.5758,141.53385,2019/05/17 10:21:54,41.41,1.1
206,40.54934,141.54555,2019/05/17 10:51:54,41.78,1.4
207,40.54931,141.54549,2019/05/17 11:21:54,42.34,3.3
208,40.54936,141.54552,2019/05/17 11:51:54,46.02,1.5
209,40.5493,141.54557,2019/05/17 12:21:54,41.52,3.3
210,40.54798,141.5486,2019/05/17 12:51:54,41.13,1.0
211,40.53891,141.55787,2019/05/17 13:21:54,38.17,1.5
212,40.53891,141.55789,2019/05/17 13:51:57,36.98,1.8
213,40.53893,141.55796,2019/05/17 14:21:54,42.79,1.5
214,40.53895,141.55795,2019/05/17 14:52:00,42.53,1.9
215,40.53894,141.55795,2019/05/17 15:21:54,43.87,1.4
216,40.53896,141.55791,2019/05/17 15:51:58,43.87,5.1
217,40.53891,141.55797,2019/05/17 16:22:00,43.87,3.1
218,40.53896,141.55798,2019/05/17 16:52:00,43.71,1.7
219,40.53895,141.55794,2019/05/17 17:21:54,44.21,1.6
220,40.53893,141.55788,2019/05/17 17:51:56,42.3,1.6
221,40.53897,141.55795,2019/05/17 18:21:54,35.93,1.1
222,40.53897,141.55798,2019/05/17 18:51:58,36.54,2.8
223,40.53893,141.55794,2019/05/17 19:21:58,36.86,2.1
224,40.53897,141.55796,2019/05/17 19:51:55,37.97,1.6
225,40.53893,141.55789,2019/05/17 20:21:53,40.53,1.5
226,40.53897,141.55795,2019/05/17 20:51:53,40.33,1.8
227,40.53893,141.5579,2019/05/17 21:21:53,38.77,3.8
228,40.53893,141.55788,2019/05/17 21:51:53,39.15,3.5
229,40.53897,141.5579,2019/05/17 22:21:56,39.35,2.9
230,40.53893,141.55796,2019/05/17 22:51:53,42.89,1.5
231,40.53906,141.55801,2019/05/17 23:21:54,77.05,2.0
232,40.53874,141.55826,2019/05/17 23:51:59,77.05,5.7
233,40.53892,141.55801,2019/05/18 00:21:52,46.67,5.0
234,40.53894,141.55793,2019/05/18 00:51:52,44.33,1.1
235,40.53896,141.55793,2019/05/18 01:21:56,39.02,1.7
236,40.53895,141.55794,2019/05/18 01:51:52,38.82,1.6
237,40.53896,141.55793,2019/05/18 02:21:52,34.47,1.3
238,40.53895,141.55795,2019/05/18 02:51:53,37.67,1.5
239,40.53899,141.55795,2019/05/18 03:21:52,41.41,1.6
240,40.53893,141.55795,2019/05/18 03:51:52,39.69,1.4
241,40.53894,141.55798,2019/05/18 04:21:52,39.6,2.3
242,40.53897,141.55791,2019/05/18 04:51:52,38.66,1.3
243,40.53936,141.55571,2019/05/18 05:21:53,37.94,1.5
244,40.62138,141.46748,2019/05/18 05:51:52,47.26,0.9
245,40.73941,141.45404,2019/05/18 06:21:52,35.33,1.0
246,40.784,141.44103,2019/05/18 06:51:52,31.92,1.1
247,40.78286,141.44069,2019/05/18 07:21:51,32.8,1.1
248,40.78219,141.43773,2019/05/18 07:51:58,33.84,2.6
249,40.80781,141.43301,2019/05/18 08:21:51,34.65,1.1
250,40.85096,141.43397,2019/05/18 08:51:51,36.56,1.2
251,40.84784,141.4349,2019/05/18 09:21:51,36.98,1.1
252,40.84804,141.43951,2019/05/18 09:51:51,35.65,1.1
253,40.84627,141.43791,2019/05/18 10:21:51,35.2,1.0
254,40.84239,141.4364,2019/05/18 10:51:51,35.34,1.4
255,40.83981,141.43536,2019/05/18 11:21:51,33.84,1.2
256,40.83745,141.43501,2019/05/18 11:51:51,32.93,1.1
257,40.83561,141.43429,2019/05/18 12:21:51,33.76,1.5
258,40.83663,141.44249,2019/05/18 12:51:51,36.1,1.1
259,40.83382,141.44168,2019/05/18 13:21:51,34.91,1.5
260,40.83171,141.45256,2019/05/18 13:51:51,36.0,1.2
261,40.83486,141.45208,2019/05/18 14:21:50,35.3,1.6
262,40.83099,141.45432,2019/05/18 14:51:50,36.16,1.4
263,40.82431,141.45795,2019/05/18 15:21:50,40.37,1.4
264,40.81889,141.46501,2019/05/18 15:51:51,35.49,1.3
265,40.81327,141.46293,2019/05/18 16:21:51,38.49,1.8
266,40.81064,141.46319,2019/05/18 16:51:52,38.57,2.0
267,40.81187,141.46357,2019/05/18 17:21:53,34.11,1.3
268,40.82515,141.47532,2019/05/18 17:51:50,32.69,1.0
269,40.82159,141.48231,2019/05/18 18:21:50,28.95,1.0
270,40.85469,141.50448,2019/05/18 18:51:50,32.53,2.5
271,40.93559,141.56069,2019/05/18 19:21:50,39.94,1.2
272,40.99219,141.73876,2019/05/18 19:51:50,46.3,4.3
273,41.0297,141.80311,2019/05/18 20:21:50,35.37,1.1
274,41.08866,141.84666,2019/05/18 20:51:53,41.36,1.0
275,41.06975,141.86089,2019/05/18 21:21:51,38.2,0.9
276,41.0921,141.88483,2019/05/18 21:51:49,49.01,1.0
277,41.0739,141.91396,2019/05/18 22:21:52,46.01,1.7
278,41.06541,141.91855,2019/05/18 22:51:51,36.84,1.3
279,41.04398,141.92712,2019/05/18 23:21:49,32.65,1.3
280,40.93716,141.86525,2019/05/18 23:51:50,39.47,1.0
281,40.81106,141.71115,2019/05/19 00:21:50,74.12,1.1
282,40.66159,141.60406,2019/05/19 00:51:50,32.47,1.1
283,40.54748,141.54928,2019/05/19 01:21:50,34.63,1.0
284,40.53896,141.55796,2019/05/19 01:51:50,35.62,1.4
285,40.53895,141.55791,2019/05/19 02:21:50,36.42,1.1
286,40.53894,141.55801,2019/05/19 02:51:50,37.39,1.4
287,40.53895,141.55787,2019/05/19 03:21:50,36.14,2.1
288,40.53893,141.55792,2019/05/19 03:51:50,36.09,1.3
289,40.53898,141.55798,2019/05/19 04:21:49,37.86,1.2
290,40.53891,141.558,2019/05/19 04:51:49,46.59,1.6
291,40.53895,141.55793,2019/05/19 05:21:49,41.44,1.4
292,40.53891,141.55789,2019/05/19 05:51:49,39.52,1.6
293,40.54059,141.50182,2019/05/19 06:21:49,34.94,1.9
294,40.54436,141.51191,2019/05/19 06:51:48,33.66,1.2
295,40.54405,141.51236,2019/05/19 07:21:48,32.62,1.6
296,40.53894,141.55794,2019/05/19 07:51:48,37.33,1.6
297,40.53888,141.558,2019/05/19 08:21:49,44.28,2.6
298,40.53895,141.55796,2019/05/19 08:51:48,44.25,1.3
299,40.53896,141.55792,2019/05/19 09:21:48,43.99,1.2
300,40.53894,141.55801,2019/05/19 09:51:48,42.86,3.0
301,40.53896,141.55793,2019/05/19 10:21:48,42.74,2.0
302,40.53891,141.55792,2019/05/19 10:51:48,32.11,1.6
303,40.53888,141.55791,2019/05/19 11:21:48,33.39,1.4
304,40.53896,141.55796,2019/05/19 11:51:49,34.6,3.0
305,40.5389,141.55807,2019/05/19 12:21:49,38.06,2.7
306,40.53894,141.55794,2019/05/19 12:51:49,37.68,2.5
307,40.53934,141.5589,2019/05/19 13:21:48,35.84,1.3
308,40.53895,141.55791,2019/05/19 13:51:47,34.27,1.4
309,40.53894,141.558,2019/05/19 14:21:48,35.21,1.4
310,40.53897,141.55791,2019/05/19 14:51:47,44.03,1.4
311,40.53896,141.55795,2019/05/19 15:21:47,39.18,1.4
312,40.53897,141.55791,2019/05/19 15:51:54,37.8,3.7
313,40.53893,141.55795,2019/05/19 16:21:51,37.36,1.4
314,40.53895,141.55793,2019/05/19 16:51:48,37.46,1.9
315,40.53892,141.55801,2019/05/19 17:21:47,41.33,1.3
316,40.53893,141.55791,2019/05/19 17:51:50,39.94,1.9
317,40.53895,141.55794,2019/05/19 18:21:48,41.2,1.1
318,40.53898,141.55801,2019/05/19 18:51:52,42.27,2.6
319,40.53896,141.55795,2019/05/19 19:21:48,41.06,1.5
320,40.53896,141.5579,2019/05/19 19:51:50,44.29,1.1
321,40.53896,141.55797,2019/05/19 20:21:48,40.24,1.1
322,40.53896,141.558,2019/05/19 20:51:51,40.4,1.8
323,40.53896,141.55792,2019/05/19 21:21:49,39.22,1.1
324,40.53887,141.55792,2019/05/19 21:51:50,38.66,3.8
325,40.53894,141.55797,2019/05/19 22:21:46,39.27,2.7
326,40.53893,141.55791,2019/05/19 22:51:49,39.4,1.6
327,40.53898,141.55793,2019/05/19 23:21:49,52.1,1.5
328,40.53868,141.55851,2019/05/19 23:51:48,35.81,1.1
329,40.64068,141.56785,2019/05/20 00:21:47,34.29,1.0
330,40.64611,141.56315,2019/05/20 00:51:47,33.76,1.0
331,40.72054,141.58579,2019/05/20 01:21:47,46.36,2.0
332,40.93214,141.65174,2019/05/20 01:51:47,29.32,1.3
333,41.11367,141.76404,2019/05/20 02:21:47,42.71,2.0
334,41.23566,141.88787,2019/05/20 02:51:47,31.99,1.1
335,41.30262,141.92426,2019/05/20 03:21:47,23.53,1.6
336,41.34822,141.82931,2019/05/20 03:51:47,26.71,1.6
337,41.37838,141.6545,2019/05/20 04:21:46,31.2,7.6
338,41.38566,141.49314,2019/05/20 04:51:46,39.3,1.6
339,41.3709,141.46156,2019/05/20 05:21:46,36.39,1.1
340,41.31225,141.43591,2019/05/20 05:51:46,28.51,1.0
341,41.22002,141.40243,2019/05/20 06:21:46,31.94,1.5
342,41.15353,141.38859,2019/05/20 06:51:48,37.16,5.2
343,41.10212,141.39671,2019/05/20 07:21:45,32.09,1.0
344,41.08598,141.39379,2019/05/20 07:51:45,32.51,2.0
345,41.07467,141.39893,2019/05/20 08:21:49,36.39,2.2
346,41.03054,141.40174,2019/05/20 08:51:45,39.84,1.2
347,41.02063,141.39865,2019/05/20 09:21:46,41.6,2.3
348,40.96476,141.39308,2019/05/20 09:51:45,37.11,0.9
349,40.96103,141.39981,2019/05/20 10:21:45,31.65,1.9
350,40.96352,141.40038,2019/05/20 10:51:45,32.32,1.4
351,40.95722,141.39305,2019/05/20 11:21:45,32.04,1.4
352,40.94027,141.39946,2019/05/20 11:51:45,34.03,1.2
353,40.93578,141.39955,2019/05/20 12:21:44,32.96,1.1
354,40.94161,141.39988,2019/05/20 12:51:45,31.61,1.1
355,40.93544,141.39891,2019/05/20 13:21:45,31.87,1.3
356,40.94093,141.39602,2019/05/20 13:51:45,31.93,1.3
357,40.94454,141.39397,2019/05/20 14:21:44,30.9,1.3
358,40.94947,141.39246,2019/05/20 14:51:44,29.24,2.4
359,40.9552,141.39305,2019/05/20 15:21:45,30.35,1.3
360,40.96064,141.39532,2019/05/20 15:51:45,31.77,2.8
361,40.96755,141.40048,2019/05/20 16:21:44,31.44,1.7
362,40.97684,141.40303,2019/05/20 16:51:44,38.3,1.2
363,40.98584,141.40466,2019/05/20 17:21:48,37.09,1.3
364,40.9944,141.40528,2019/05/20 17:51:49,34.44,1.4
365,41.00347,141.40617,2019/05/20 18:21:45,34.63,2.7
366,41.0463,141.45953,2019/05/20 18:51:46,38.57,1.2
367,41.17368,141.61143,2019/05/20 19:21:45,39.69,1.1
368,41.32572,141.76351,2019/05/20 19:51:43,27.32,1.0
369,41.38867,141.83293,2019/05/20 20:21:44,32.58,1.2
370,41.39003,141.84038,2019/05/20 20:51:43,25.97,1.1
371,41.41191,141.87608,2019/05/20 21:21:50,27.13,6.0
372,41.4511,141.75154,2019/05/20 21:51:47,35.16,1.0
373,41.47353,141.58056,2019/05/20 22:21:48,38.34,1.0
374,41.44818,141.46047,2019/05/20 22:51:46,33.27,1.5
375,41.42686,141.45726,2019/05/20 23:21:43,35.84,1.5
376,41.41253,141.43876,2019/05/20 23:51:49,34.31,1.6
377,41.41199,141.43891,2019/05/21 00:21:43,66.03,1.5
378,41.41224,141.43854,2019/05/21 00:51:48,30.14,2.3
379,41.41268,141.43871,2019/05/21 01:21:46,38.93,1.3
380,41.41246,141.43877,2019/05/21 01:51:43,32.98,1.4
381,41.41221,141.43994,2019/05/21 02:21:43,24.72,1.8
382,41.41257,141.43875,2019/05/21 02:51:44,27.09,1.8
383,41.41546,141.4615,2019/05/21 03:21:42,28.65,1.2
384,41.41044,141.46217,2019/05/21 03:51:42,28.88,1.3
385,41.39429,141.45375,2019/05/21 04:21:42,28.09,1.0
386,41.39427,141.45374,2019/05/21 04:51:42,27.21,1.2
387,41.39424,141.45378,2019/05/21 05:21:41,25.28,1.7
388,41.38722,141.46117,2019/05/21 05:51:45,26.26,2.2
389,41.36843,141.44782,2019/05/21 06:21:42,26.73,1.6
390,41.36795,141.44737,2019/05/21 06:51:42,39.21,1.2
391,41.36806,141.44742,2019/05/21 07:21:43,30.63,1.4
392,41.36759,141.44707,2019/05/21 07:51:42,36.93,1.5
393,41.30081,141.46601,2019/05/21 08:21:42,49.71,1.8
394,41.2179,141.60462,2019/05/21 08:51:43,43.85,2.7
395,41.19526,141.75029,2019/05/21 09:21:42,43.17,5.9
396,41.15001,141.87236,2019/05/21 09:51:42,31.73,2.6
397,41.14054,141.87449,2019/05/21 10:21:41,33.03,1.9
398,41.13036,141.87519,2019/05/21 10:51:41,22.17,1.2
399,41.12015,141.87452,2019/05/21 11:21:41,25.97,1.5
400,41.11012,141.87459,2019/05/21 11:51:42,29.69,1.0
401,41.09954,141.87292,2019/05/21 12:21:41,27.85,1.1
402,41.08824,141.87273,2019/05/21 12:51:41,26.65,1.5
403,41.07767,141.86967,2019/05/21 13:21:41,26.3,1.3
404,41.06679,141.86505,2019/05/21 13:51:41,26.8,1.3
405,41.05347,141.85426,2019/05/21 14:21:43,26.88,1.2
406,41.03498,141.84394,2019/05/21 14:51:42,28.93,1.3
407,41.02437,141.8368,2019/05/21 15:21:41,25.37,3.0
408,41.01214,141.82926,2019/05/21 15:51:42,31.05,1.5
409,41.00093,141.82045,2019/05/21 16:21:41,25.44,1.2
410,40.99032,141.81071,2019/05/21 16:51:41,33.0,1.3
411,40.98101,141.79961,2019/05/21 17:21:41,30.9,1.3
412,40.97322,141.78846,2019/05/21 17:51:40,33.36,1.1
413,40.96664,141.77678,2019/05/21 18:21:46,33.46,1.1
414,40.96116,141.8737,2019/05/21 18:51:41,32.94,1.2
415,41.00078,141.96207,2019/05/21 19:21:41,39.29,1.9
416,41.04738,142.07129,2019/05/21 19:51:40,33.55,1.4
417,41.02697,142.15768,2019/05/21 20:21:40,44.68,3.3
418,40.97613,142.08339,2019/05/21 20:51:40,44.82,1.0
419,40.96272,142.03489,2019/05/21 21:21:41,58.62,1.0
420,40.90287,141.96785,2019/05/21 21:51:40,51.28,0.9
421,40.7631,141.88027,2019/05/21 22:21:40,33.3,1.1
422,40.6344,141.76275,2019/05/21 22:51:40,37.02,1.6
423,40.53947,141.59436,2019/05/21 23:21:40,46.82,1.4
424,40.53893,141.55798,2019/05/21 23:51:41,38.84,3.7
425,40.53894,141.55791,2019/05/22 00:21:40,40.27,1.0
426,40.53894,141.55793,2019/05/22 00:51:45,40.32,2.2
427,40.53895,141.55792,2019/05/22 01:21:40,40.39,1.3
428,40.53895,141.55797,2019/05/22 01:51:40,37.07,4.2
429,40.53895,141.55796,2019/05/22 02:21:40,38.7,1.2
430,40.53897,141.5579,2019/05/22 02:51:40,37.96,1.8
431,40.53895,141.55795,2019/05/22 03:21:39,36.06,1.4
432,40.53894,141.55793,2019/05/22 03:51:39,35.22,1.3
433,40.53894,141.5579,2019/05/22 04:21:40,39.84,2.0
434,40.53895,141.55791,2019/05/22 04:51:39,40.97,1.8
435,40.53896,141.55794,2019/05/22 05:21:39,39.31,1.3
436,40.53895,141.55794,2019/05/22 05:51:39,39.01,1.2
437,40.53895,141.55788,2019/05/22 06:21:39,38.53,1.2
438,40.53894,141.55794,2019/05/22 06:51:39,35.68,5.5
439,40.54214,141.50402,2019/05/22 07:21:39,34.8,1.3
440,40.55679,141.51519,2019/05/22 07:51:45,37.71,5.1
441,40.5568,141.51525,2019/05/22 08:21:39,54.03,1.3
442,40.55675,141.51531,2019/05/22 08:51:39,35.5,3.4
443,40.59272,141.52675,2019/05/22 09:21:39,40.16,1.3
444,40.70391,141.57363,2019/05/22 09:51:39,37.84,1.9
445,40.82399,141.55679,2019/05/22 10:21:41,38.23,1.3
446,40.83016,141.55232,2019/05/22 10:51:39,30.55,1.3
447,40.8605,141.54179,2019/05/22 11:21:38,32.36,1.1
448,40.86413,141.54102,2019/05/22 11:51:38,33.31,1.4
449,40.88199,141.53104,2019/05/22 12:21:39,29.19,1.3
450,40.88353,141.53037,2019/05/22 12:51:38,32.86,1.3
451,40.88404,141.52965,2019/05/22 13:21:38,32.08,1.2
452,40.88455,141.52817,2019/05/22 13:51:38,30.8,1.2
453,40.88459,141.52705,2019/05/22 14:21:38,32.52,1.3
454,40.88511,141.52522,2019/05/22 14:51:38,34.45,1.4
455,40.88345,141.52159,2019/05/22 15:21:39,41.28,1.1
456,40.88051,141.52042,2019/05/22 15:51:38,32.93,1.0
457,40.88664,141.51487,2019/05/22 16:21:39,33.44,1.3
458,40.89315,141.49904,2019/05/22 16:51:40,33.53,1.7
459,40.89257,141.49648,2019/05/22 17:21:38,34.35,1.4
460,40.89203,141.49515,2019/05/22 17:51:39,34.54,1.1
461,40.88678,141.50187,2019/05/22 18:21:37,35.29,2.7
462,40.92439,141.51528,2019/05/22 18:51:39,39.95,1.2
463,41.00653,141.68048,2019/05/22 19:21:37,51.59,2.2
464,41.02019,141.79394,2019/05/22 19:51:37,43.94,1.1
465,40.94874,141.85601,2019/05/22 20:21:37,38.29,1.3
466,40.82765,141.80672,2019/05/22 20:51:39,35.13,1.0
467,40.71187,141.73311,2019/05/22 21:21:41,37.01,1.0
468,40.56825,141.6137,2019/05/22 21:51:37,43.35,1.0
469,40.53897,141.55794,2019/05/22 22:21:38,43.92,2.3
470,40.53896,141.55796,2019/05/22 22:51:37,42.57,1.7
471,40.53896,141.55793,2019/05/22 23:21:37,41.38,2.8
472,40.53894,141.55797,2019/05/22 23:51:37,42.46,1.0
473,40.53895,141.55792,2019/05/23 00:21:37,41.86,1.1
474,40.53897,141.55796,2019/05/23 00:51:38,41.52,1.1
475,40.53894,141.55796,2019/05/23 01:21:38,36.24,1.6
476,40.53894,141.55795,2019/05/23 01:51:38,36.38,1.6
477,40.53894,141.55792,2019/05/23 02:21:37,38.09,1.8
478,40.53894,141.55798,2019/05/23 02:51:39,29.51,1.9
479,40.53895,141.55796,2019/05/23 03:21:37,39.09,2.8
480,40.53894,141.55789,2019/05/23 03:51:40,38.11,1.3
481,40.53896,141.5579,2019/05/23 04:21:37,36.49,2.1
482,40.53896,141.558,2019/05/23 04:51:37,38.1,1.4
483,40.53894,141.55789,2019/05/23 05:21:37,38.31,1.4
484,40.53896,141.55797,2019/05/23 05:51:36,37.48,1.3
485,40.53895,141.55794,2019/05/23 06:21:37,42.43,1.2
486,40.53893,141.55789,2019/05/23 06:51:36,41.63,5.9
487,40.53895,141.55797,2019/05/23 07:21:36,40.89,1.7
488,40.54148,141.50704,2019/05/23 07:51:35,34.96,1.8
489,40.5444,141.51176,2019/05/23 08:21:36,36.61,1.2
490,40.54428,141.512,2019/05/23 08:51:37,39.2,3.5
491,40.54433,141.5119,2019/05/23 09:21:36,37.08,2.5
492,40.54434,141.51193,2019/05/23 09:51:36,34.33,1.1
493,40.55756,141.5254,2019/05/23 10:21:36,37.16,1.5
494,40.5877,141.54392,2019/05/23 10:51:36,36.54,1.2
495,40.58904,141.5488,2019/05/23 11:21:36,37.88,1.1
496,40.63018,141.61431,2019/05/23 11:51:36,44.19,1.3
497,40.66369,141.61584,2019/05/23 12:21:36,36.05,0.9
498,40.69437,141.62592,2019/05/23 12:51:36,37.21,1.1
499,40.7111,141.61849,2019/05/23 13:21:36,36.18,1.3
500,40.74225,141.59124,2019/05/23 13:51:36,38.49,1.1
501,40.73422,141.58945,2019/05/23 14:21:35,33.68,1.1
502,40.73152,141.5901,2019/05/23 14:51:35,29.01,1.4
503,40.72682,141.58987,2019/05/23 15:21:35,30.59,1.3
504,40.6382,141.54845,2019/05/23 15:51:42,43.41,1.0
505,40.54002,141.55777,2019/05/23 16:21:35,37.04,1.2
506,40.53893,141.55796,2019/05/23 16:51:37,42.37,1.3
507,40.53897,141.55792,2019/05/23 17:21:42,42.37,2.5
508,40.53893,141.55793,2019/05/23 17:51:35,43.81,1.4
509,40.53898,141.55799,2019/05/23 18:21:38,43.94,2.9
510,40.53893,141.55792,2019/05/23 18:51:36,37.69,1.9
511,40.53896,141.55798,2019/05/23 19:21:35,41.14,1.3
512,40.53897,141.55798,2019/05/23 19:51:35,40.99,1.1
513,40.53893,141.55793,2019/05/23 20:21:34,42.06,1.7
514,40.53893,141.55797,2019/05/23 20:51:34,44.65,1.2
515,40.53886,141.55785,2019/05/23 21:21:35,43.18,3.3
516,40.53893,141.55796,2019/05/23 21:51:34,43.02,2.8
517,40.53898,141.55797,2019/05/23 22:21:36,42.09,1.5
518,40.53898,141.55792,2019/05/23 22:51:34,44.97,1.8
519,40.5389,141.55806,2019/05/23 23:21:38,44.6,8.1
520,40.53894,141.55802,2019/05/23 23:51:35,40.59,3.6
521,40.53896,141.55798,2019/05/24 00:21:37,39.08,1.8
522,40.53899,141.55793,2019/05/24 00:51:38,39.38,2.1
523,40.5437,141.55592,2019/05/24 01:21:34,35.29,1.6
524,40.652,141.53527,2019/05/24 01:51:34,44.58,1.3
525,40.74998,141.58174,2019/05/24 02:21:35,35.69,1.5
526,40.78627,141.6003,2019/05/24 02:51:34,32.22,1.0
527,40.77618,141.60369,2019/05/24 03:21:35,30.86,2.3
528,40.77623,141.60357,2019/05/24 03:51:34,31.95,2.3
529,40.77204,141.63345,2019/05/24 04:21:34,30.95,1.1
530,40.77379,141.61327,2019/05/24 04:51:33,30.71,1.3
531,40.77862,141.65058,2019/05/24 05:21:33,32.35,1.3
532,40.75919,141.66331,2019/05/24 05:51:33,32.75,1.2
533,40.76025,141.67464,2019/05/24 06:21:33,30.88,1.2
534,40.79576,141.76573,2019/05/24 06:51:33,27.97,1.7
535,40.76859,141.76163,2019/05/24 07:21:33,29.54,1.5
536,40.777,141.75349,2019/05/24 07:51:33,30.8,1.4
537,40.79171,141.75894,2019/05/24 08:21:33,36.61,2.7
538,40.7761,141.73641,2019/05/24 08:51:33,38.78,1.0
539,40.7381,141.70926,2019/05/24 09:21:33,33.34,2.0
540,40.73784,141.71363,2019/05/24 09:51:33,34.72,2.1
541,40.7414,141.72775,2019/05/24 10:21:33,34.1,1.7
542,40.74203,141.7253,2019/05/24 10:51:33,34.41,1.2
543,40.7428,141.72644,2019/05/24 11:21:33,32.94,1.2
544,40.74187,141.7294,2019/05/24 11:51:33,33.12,1.3
545,40.74098,141.73271,2019/05/24 12:21:32,34.23,1.1
546,40.74419,141.7307,2019/05/24 12:51:32,32.81,1.1
547,40.74196,141.73314,2019/05/24 13:21:32,29.03,1.2
548,40.73954,141.73584,2019/05/24 13:51:32,37.44,1.4
549,40.73702,141.73738,2019/05/24 14:21:33,30.35,1.3
550,40.7368,141.73918,2019/05/24 14:51:32,33.44,3.6
551,40.73227,141.7464,2019/05/24 15:21:33,35.59,1.2
552,40.73166,141.74675,2019/05/24 15:51:32,35.0,1.1
553,40.72865,141.74802,2019/05/24 16:21:32,35.71,1.3
554,40.7213,141.75152,2019/05/24 16:51:32,30.05,2.0
555,40.71672,141.75682,2019/05/24 17:21:33,35.23,1.2
556,40.71481,141.76014,2019/05/24 17:51:32,30.83,1.0
557,40.72283,141.77019,2019/05/24 18:21:33,30.05,1.1
558,40.77111,141.82979,2019/05/24 18:51:33,37.31,1.4
559,40.81025,141.96447,2019/05/24 19:21:31,39.61,1.6
560,40.71914,141.92702,2019/05/24 19:51:32,30.87,1.4
561,40.58187,141.79307,2019/05/24 20:21:32,33.28,1.0
562,40.531,141.58724,2019/05/24 20:51:31,49.13,1.0
563,40.53897,141.55793,2019/05/24 21:21:32,43.86,5.3
564,40.53896,141.55795,2019/05/24 21:51:32,41.32,2.5
565,40.53892,141.55794,2019/05/24 22:21:32,44.5,1.5
566,40.53892,141.55797,2019/05/24 22:51:38,44.08,2.5
567,40.539,141.55787,2019/05/24 23:21:31,42.54,3.7
568,40.53894,141.55795,2019/05/24 23:51:37,42.61,1.2
569,40.53898,141.55802,2019/05/25 00:21:32,39.67,1.1
570,40.53894,141.558,2019/05/25 00:51:31,39.57,1.5
571,40.53896,141.55798,2019/05/25 01:21:31,36.61,1.3
572,40.53895,141.55791,2019/05/25 01:51:32,38.22,1.6
573,40.53907,141.55781,2019/05/25 02:21:31,38.19,6.7
574,40.54128,141.50305,2019/05/25 02:51:31,34.43,1.1
575,40.54086,141.50469,2019/05/25 03:21:31,27.98,1.3
576,40.54109,141.50455,2019/05/25 03:51:31,27.06,1.1
577,40.54099,141.50489,2019/05/25 04:21:31,33.76,1.2
578,40.54337,141.50899,2019/05/25 04:51:31,34.0,1.2
579,40.54382,141.50976,2019/05/25 05:21:31,33.5,1.0
580,40.54386,141.50984,2019/05/25 05:51:31,28.57,1.5
581,40.5389,141.55784,2019/05/25 06:21:30,38.4,7.8
582,40.5389,141.55786,2019/05/25 06:51:30,36.73,5.7
583,40.53898,141.55798,2019/05/25 07:21:30,35.18,2.2
584,40.53898,141.55797,2019/05/25 07:51:30,41.65,1.7
585,40.53895,141.55795,2019/05/25 08:21:30,40.78,1.2
586,40.53896,141.55799,2019/05/25 08:51:30,41.08,1.1
587,40.53896,141.55796,2019/05/25 09:21:34,41.19,4.3
588,40.53892,141.55784,2019/05/25 09:51:32,36.32,7.9
589,40.53895,141.55795,2019/05/25 10:21:30,41.22,1.4
590,40.53896,141.55792,2019/05/25 10:51:30,39.77,1.7
591,40.53891,141.55796,2019/05/25 11:21:31,44.48,1.2
592,40.53892,141.55792,2019/05/25 11:51:30,44.37,1.1
593,40.53897,141.55799,2019/05/25 12:21:30,42.43,1.9
594,40.53895,141.55794,2019/05/25 12:51:30,37.53,1.5
595,40.5389,141.55793,2019/05/25 13:21:31,37.99,1.5
596,40.53894,141.55792,2019/05/25 13:51:29,39.26,1.5
597,40.53893,141.55795,2019/05/25 14:21:31,43.21,1.4
598,40.53895,141.55789,2019/05/25 14:51:30,43.64,1.4
599,40.53896,141.55793,2019/05/25 15:21:29,41.68,3.8
600,40.53895,141.55794,2019/05/25 15:51:35,41.37,2.9
601,40.53896,141.55795,2019/05/25 16:21:29,37.9,1.3
602,40.53893,141.55788,2019/05/25 16:51:30,38.41,1.3
603,40.53894,141.55792,2019/05/25 17:21:30,41.39,5.0
604,40.53895,141.55791,2019/05/25 17:51:29,40.36,1.3
605,40.53896,141.55797,2019/05/25 18:21:29,34.86,2.6
606,40.53894,141.5579,2019/05/25 18:51:30,34.06,1.8
607,40.53894,141.55796,2019/05/25 19:21:29,45.31,1.1
608,40.53893,141.55791,2019/05/25 19:51:29,40.91,1.6
609,40.53896,141.55795,2019/05/25 20:21:29,41.24,1.5
610,40.53895,141.55793,2019/05/25 20:51:28,40.93,1.2
611,40.53895,141.55797,2019/05/25 21:21:29,35.7,3.5
612,40.53895,141.55795,2019/05/25 21:51:28,44.4,2.3
613,40.53894,141.55792,2019/05/25 22:21:28,38.32,1.6
614,40.53896,141.5579,2019/05/25 22:51:29,39.44,2.0
615,40.53896,141.55794,2019/05/25 23:21:29,39.99,5.5
616,40.53895,141.55796,2019/05/25 23:51:28,39.95,1.2
617,40.53894,141.55796,2019/05/26 00:21:32,39.52,3.2
618,40.53896,141.55798,2019/05/26 00:51:32,39.24,1.8
619,40.53895,141.55795,2019/05/26 01:21:28,37.83,1.2
620,40.5422,141.52205,2019/05/26 01:51:28,44.47,1.4
621,40.54083,141.50397,2019/05/26 02:21:28,36.08,1.1
622,40.60386,141.53405,2019/05/26 02:51:28,40.32,1.8
623,40.69872,141.59188,2019/05/26 03:21:28,39.05,1.2
624,40.7293,141.57562,2019/05/26 03:51:28,35.94,1.1
625,40.84057,141.66144,2019/05/26 04:21:28,39.14,1.3
626,40.88454,141.78591,2019/05/26 04:51:28,37.58,0.9
627,40.88492,141.74341,2019/05/26 05:21:28,37.76,1.0
628,40.89102,141.808,2019/05/26 05:51:27,39.2,0.9
629,40.88026,141.8107,2019/05/26 06:21:27,27.85,1.0
630,40.87415,141.85811,2019/05/26 06:51:27,28.38,2.5
631,40.86865,141.87499,2019/05/26 07:21:27,27.89,1.6
632,40.86776,141.90232,2019/05/26 07:51:33,36.66,2.0
633,40.85806,141.91507,2019/05/26 08:21:27,34.2,1.2
634,40.85087,141.9246,2019/05/26 08:51:27,30.43,1.1
635,40.84658,141.92712,2019/05/26 09:21:27,32.31,1.0
636,40.84052,141.93138,2019/05/26 09:51:28,32.53,1.2
637,40.83273,141.9376,2019/05/26 10:21:27,29.93,1.6
638,40.82589,141.93904,2019/05/26 10:51:27,30.86,1.2
639,40.8185,141.94395,2019/05/26 11:21:27,29.69,1.0
640,40.81094,141.94544,2019/05/26 11:51:27,30.45,1.4
641,40.80566,141.94918,2019/05/26 12:21:28,30.3,1.1
642,40.81323,141.94212,2019/05/26 12:51:26,31.64,1.4
643,40.81757,141.92975,2019/05/26 13:21:26,22.09,1.3
644,40.82204,141.92703,2019/05/26 13:51:27,30.47,1.4
645,40.8269,141.9197,2019/05/26 14:21:26,30.23,1.4
646,40.82498,141.91112,2019/05/26 14:51:27,30.1,1.8
647,40.82348,141.9429,2019/05/26 15:21:27,30.32,1.3
648,40.81484,141.94991,2019/05/26 15:51:27,29.42,1.0
649,40.808,141.96033,2019/05/26 16:21:27,28.76,2.0
650,40.79769,141.96361,2019/05/26 16:51:26,31.73,1.3
651,40.78885,141.97047,2019/05/26 17:21:26,30.2,1.1
652,40.78266,141.98638,2019/05/26 17:51:26,28.82,1.8
653,40.7752,141.99308,2019/05/26 18:21:26,23.94,1.3
654,40.76858,142.10364,2019/05/26 18:51:26,30.34,1.5
655,40.65605,142.02167,2019/05/26 19:21:27,37.2,1.1
656,40.5105,141.85716,2019/05/26 19:51:26,72.17,1.1
657,40.49779,141.62719,2019/05/26 20:21:26,78.38,0.9
658,40.53893,141.55791,2019/05/26 20:51:26,43.82,1.2
659,40.53894,141.55794,2019/05/26 21:21:25,43.0,3.5
660,40.53894,141.55795,2019/05/26 21:51:28,42.42,2.4
661,40.53895,141.55797,2019/05/26 22:21:25,42.53,8.8
662,40.53884,141.55819,2019/05/26 22:51:25,50.82,54.7
663,40.539,141.55792,2019/05/26 23:21:26,43.25,6.2
664,40.53894,141.55792,2019/05/26 23:51:25,41.52,1.0
665,40.53894,141.55793,2019/05/27 00:21:26,40.74,1.1
666,40.53896,141.55789,2019/05/27 00:51:25,36.96,1.4
667,40.53893,141.5579,2019/05/27 01:21:25,40.53,1.2
668,40.53893,141.55797,2019/05/27 01:51:25,42.05,1.1
669,40.53902,141.55783,2019/05/27 02:21:25,35.26,4.2
670,40.53895,141.55796,2019/05/27 02:51:25,34.27,3.3
671,40.53894,141.55785,2019/05/27 03:21:25,35.3,2.5
672,40.53894,141.55791,2019/05/27 03:51:25,36.44,1.1
673,40.53894,141.55796,2019/05/27 04:21:25,31.87,1.2
674,40.53895,141.5579,2019/05/27 04:51:25,38.15,1.4
675,40.53895,141.55794,2019/05/27 05:21:25,39.96,1.1
676,40.54344,141.50813,2019/05/27 05:51:25,30.63,1.5
677,40.5448,141.51309,2019/05/27 06:21:25,42.19,1.1
678,40.53898,141.558,2019/05/27 06:51:25,42.5,4.2
679,40.53898,141.55794,2019/05/27 07:21:25,42.51,1.8
680,40.53891,141.55804,2019/05/27 07:51:24,29.74,2.2
681,40.53895,141.55789,2019/05/27 08:21:24,39.64,3.9
682,40.53894,141.55794,2019/05/27 08:51:24,38.58,1.3
683,40.53894,141.55794,2019/05/27 09:21:24,39.77,3.2
684,40.53892,141.55788,2019/05/27 09:51:24,29.13,2.0
685,40.53891,141.55791,2019/05/27 10:21:30,29.13,19.8
686,40.53904,141.55797,2019/05/27 10:51:24,29.21,4.0
687,40.53897,141.55798,2019/05/27 11:21:24,31.08,3.3
688,40.53898,141.55791,2019/05/27 11:51:24,41.19,1.4
689,40.5389,141.55796,2019/05/27 12:21:24,40.17,1.7
690,40.53897,141.55795,2019/05/27 12:51:24,44.15,2.0
691,40.53896,141.55795,2019/05/27 13:21:24,37.48,1.2
692,40.53892,141.5579,2019/05/27 13:51:25,40.89,1.1
693,40.53898,141.55797,2019/05/27 14:21:24,35.68,1.4
694,40.53894,141.55791,2019/05/27 14:51:28,36.12,3.0
695,40.53894,141.55799,2019/05/27 15:21:30,36.73,3.1
696,40.53893,141.55811,2019/05/27 15:51:30,36.73,4.3
697,40.53893,141.55797,2019/05/27 16:21:25,40.88,1.6
698,40.53895,141.55792,2019/05/27 16:51:24,42.95,1.5
699,40.53894,141.55795,2019/05/27 17:21:23,39.87,1.0
700,40.53894,141.55792,2019/05/27 17:51:24,41.5,1.1
701,40.53985,141.5572,2019/05/27 18:21:23,37.54,5.9
702,40.67228,141.65081,2019/05/27 18:51:23,57.54,1.1
703,40.80584,141.80315,2019/05/27 19:21:23,64.28,2.1
704,40.8945,141.99327,2019/05/27 19:51:25,39.21,1.8
705,40.98901,142.05092,2019/05/27 20:21:23,30.47,1.1
706,41.0223,142.10703,2019/05/27 20:51:23,34.38,0.9
707,41.05292,141.93792,2019/05/27 21:21:23,32.37,2.9
708,41.05381,141.88387,2019/05/27 21:51:23,36.25,1.2
709,40.98153,141.72668,2019/05/27 22:21:22,46.58,1.3
710,40.9454,141.63582,2019/05/27 22:51:22,36.92,1.9
711,40.94391,141.63557,2019/05/27 23:21:22,37.49,1.0
712,40.92488,141.60629,2019/05/27 23:51:22,33.61,1.6
713,40.7905,141.56839,2019/05/28 00:21:22,46.05,1.3
714,40.73304,141.56121,2019/05/28 00:51:22,32.28,1.4
715,40.64108,141.53993,2019/05/28 01:21:23,43.14,1.5
716,40.5584,141.5282,2019/05/28 01:51:23,29.79,1.1
717,40.54347,141.51156,2019/05/28 02:21:22,32.11,1.1
718,40.53602,141.53915,2019/05/28 02:51:22,29.04,1.7
719,40.53897,141.55794,2019/05/28 03:21:22,39.95,1.5
720,40.53897,141.55799,2019/05/28 03:51:22,46.88,1.4
721,40.53897,141.55793,2019/05/28 04:21:22,40.81,1.3
722,40.53897,141.55791,2019/05/28 04:51:23,40.92,1.3
723,40.53897,141.55794,2019/05/28 05:21:21,35.43,1.3
724,40.53893,141.55787,2019/05/28 05:51:21,34.6,2.9
725,40.53889,141.55776,2019/05/28 06:21:26,36.39,5.3
726,40.53891,141.5579,2019/05/28 06:51:21,37.56,4.2
727,40.53896,141.55793,2019/05/28 07:21:21,40.31,1.5
728,40.53896,141.55791,2019/05/28 07:51:21,42.93,1.8
729,40.53896,141.55796,2019/05/28 08:21:21,42.95,1.3
730,40.54092,141.50493,2019/05/28 08:51:21,40.05,1.1
731,40.54492,141.51324,2019/05/28 09:21:21,40.57,1.1
732,40.55671,141.51569,2019/05/28 09:51:21,41.39,1.8
733,40.55658,141.51642,2019/05/28 10:21:21,40.38,1.3
734,40.55851,141.51663,2019/05/28 10:51:21,35.44,1.2
735,40.56275,141.51844,2019/05/28 11:21:21,35.06,1.0
736,40.56336,141.51952,2019/05/28 11:51:21,35.42,1.1
737,40.56843,141.51726,2019/05/28 12:21:22,45.21,1.3
738,40.58783,141.50741,2019/05/28 12:51:20,36.44,1.1
739,40.58593,141.50605,2019/05/28 13:21:21,37.7,1.1
740,40.58452,141.50609,2019/05/28 13:51:20,37.15,3.8
741,40.53892,141.558,2019/05/28 14:21:23,42.39,1.4
742,40.53898,141.55783,2019/05/28 14:51:21,43.36,2.8
743,40.53887,141.55813,2019/05/28 15:21:21,40.09,2.8
744,40.53893,141.55793,2019/05/28 15:51:21,47.28,1.4
745,40.53896,141.55808,2019/05/28 16:21:24,47.28,5.7
746,40.53892,141.55793,2019/05/28 16:51:21,45.12,1.5
747,40.53897,141.55796,2019/05/28 17:21:21,41.73,1.4
748,40.53898,141.55795,2019/05/28 17:51:21,43.43,2.7
749,40.53899,141.558,2019/05/28 18:21:24,44.2,2.4
750,40.53896,141.5579,2019/05/28 18:51:21,42.49,1.7
751,40.53895,141.55794,2019/05/28 19:21:20,46.91,1.2
752,40.53892,141.55796,2019/05/28 19:51:19,41.1,1.2
753,40.53896,141.55794,2019/05/28 20:21:20,43.54,1.8
754,40.5389,141.55794,2019/05/28 20:51:21,44.27,1.1
755,40.53894,141.558,2019/05/28 21:21:26,46.08,4.2
756,40.53896,141.55796,2019/05/28 21:51:20,39.52,1.8
757,40.53895,141.5579,2019/05/28 22:21:20,41.24,1.7
758,40.53896,141.55793,2019/05/28 22:51:20,39.72,2.5
759,40.53887,141.55805,2019/05/28 23:21:20,41.72,6.4
760,40.53839,141.55919,2019/05/28 23:51:26,41.72,43.0
761,40.53901,141.55797,2019/05/29 00:21:24,41.72,7.3
762,40.53894,141.55792,2019/05/29 00:51:20,41.34,1.5
763,40.53892,141.55796,2019/05/29 01:21:22,41.99,1.4
764,40.53859,141.55415,2019/05/29 01:51:19,40.27,1.8
765,40.5442,141.51145,2019/05/29 02:21:19,40.74,1.4
766,40.53263,141.54352,2019/05/29 02:51:18,31.96,1.7
767,40.54438,141.51169,2019/05/29 03:21:18,36.84,3.4
768,40.53895,141.55796,2019/05/29 03:51:18,36.66,1.3
769,40.53896,141.55799,2019/05/29 04:21:18,44.3,1.3
770,40.53893,141.55794,2019/05/29 04:51:18,34.25,1.7
771,40.53896,141.558,2019/05/29 05:21:18,39.91,1.2
772,40.53897,141.55794,2019/05/29 05:51:18,37.91,1.2
773,40.5389,141.55785,2019/05/29 06:21:18,36.43,5.6
774,40.53887,141.5579,2019/05/29 06:51:18,28.16,1.7
775,40.53895,141.55794,2019/05/29 07:21:18,42.1,1.6
776,40.539,141.55791,2019/05/29 07:51:18,42.77,2.5
777,40.53896,141.55796,2019/05/29 08:21:18,41.46,1.2
778,40.54123,141.50307,2019/05/29 08:51:18,40.56,1.1
779,40.54473,141.51307,2019/05/29 09:21:18,36.48,1.0
780,40.53842,141.55852,2019/05/29 09:51:18,36.74,1.7
781,40.53894,141.55796,2019/05/29 10:21:17,36.11,1.6
782,40.53891,141.55792,2019/05/29 10:51:16,35.48,1.4
783,40.55741,141.57106,2019/05/29 11:21:17,36.81,1.2
784,40.5623,141.58105,2019/05/29 11:51:17,35.45,1.0
785,40.5621,141.58821,2019/05/29 12:21:17,34.18,1.0
786,40.59564,141.61274,2019/05/29 12:51:17,37.05,1.3
787,40.59718,141.61699,2019/05/29 13:21:17,37.72,1.3
788,40.64452,141.63154,2019/05/29 13:51:17,35.3,1.3
789,40.69227,141.64484,2019/05/29 14:21:17,37.53,8.2
790,40.73874,141.68722,2019/05/29 14:51:17,29.97,1.3
791,40.73794,141.69101,2019/05/29 15:21:17,33.63,1.1
792,40.75325,141.72871,2019/05/29 15:51:17,35.93,1.3
793,40.75626,141.74252,2019/05/29 16:21:21,36.1,1.3
794,40.75439,141.75018,2019/05/29 16:51:17,35.26,1.5
795,40.75254,141.75823,2019/05/29 17:21:17,32.62,1.0
796,40.75018,141.76607,2019/05/29 17:51:21,33.72,1.3
797,40.79632,141.83608,2019/05/29 18:21:16,39.62,1.4
798,40.88367,142.04582,2019/05/29 18:51:16,41.38,1.3
799,40.8692,142.0582,2019/05/29 19:21:16,31.0,1.2
800,40.82175,141.96151,2019/05/29 19:51:16,36.55,1.6
801,40.76412,141.89354,2019/05/29 20:21:16,40.26,1.1
802,40.66749,141.78622,2019/05/29 20:51:16,33.95,1.0
803,40.57303,141.63924,2019/05/29 21:21:16,37.48,0.9
804,40.53896,141.55793,2019/05/29 21:51:17,38.47,1.5
805,40.53892,141.55799,2019/05/29 22:21:17,38.99,2.2
806,40.53895,141.55796,2019/05/29 22:51:18,47.01,2.7
807,40.53897,141.55789,2019/05/29 23:21:16,43.59,3.7
808,40.53895,141.55797,2019/05/29 23:51:20,43.35,2.0
809,40.53893,141.55795,2019/05/30 00:21:20,41.8,1.7
810,40.53891,141.55792,2019/05/30 00:51:17,37.97,1.3
811,40.53896,141.55798,2019/05/30 01:21:22,34.11,4.4
812,40.53896,141.55799,2019/05/30 01:51:17,32.72,1.1
813,40.53899,141.55787,2019/05/30 02:21:16,47.15,1.6
814,40.53895,141.55793,2019/05/30 02:51:16,33.73,1.3
815,40.53898,141.55797,2019/05/30 03:21:18,38.0,1.5
816,40.53892,141.55795,2019/05/30 03:51:16,38.93,1.3
817,40.55173,141.52821,2019/05/30 04:21:15,34.25,1.1
818,40.53796,141.55688,2019/05/30 04:51:15,43.93,1.3
819,40.53896,141.55787,2019/05/30 05:21:16,40.21,1.1
820,40.53897,141.55792,2019/05/30 05:51:15,40.25,1.2
821,40.53887,141.55782,2019/05/30 06:21:16,39.97,6.3
822,40.539,141.55801,2019/05/30 06:51:15,38.59,2.9
823,40.53896,141.55792,2019/05/30 07:21:15,37.29,1.9
824,40.53896,141.55794,2019/05/30 07:51:21,43.83,1.3
825,40.53895,141.55793,2019/05/30 08:21:15,39.55,1.2
826,40.53896,141.55798,2019/05/30 08:51:15,39.89,1.1
827,40.53844,141.55927,2019/05/30 09:21:15,35.43,2.8
828,40.53895,141.55798,2019/05/30 09:51:16,44.88,1.8
829,40.53894,141.55792,2019/05/30 10:21:17,44.8,1.9
830,40.53891,141.558,2019/05/30 10:51:14,43.97,2.1
831,40.54219,141.55969,2019/05/30 11:21:15,45.57,1.8
832,40.66777,141.63178,2019/05/30 11:51:15,35.43,0.9
833,40.68521,141.64383,2019/05/30 12:21:15,35.07,1.1
834,40.73802,141.65635,2019/05/30 12:51:16,39.54,1.6
835,40.74316,141.66966,2019/05/30 13:21:14,35.18,1.4
836,40.76147,141.66285,2019/05/30 13:51:16,33.42,1.2
837,40.83358,141.70343,2019/05/30 14:21:15,32.94,2.9
838,40.86161,141.72263,2019/05/30 14:51:15,33.63,2.7
839,40.89056,141.75146,2019/05/30 15:21:16,32.61,1.1
840,40.89839,141.73635,2019/05/30 15:51:15,31.2,1.3
841,40.90525,141.72411,2019/05/30 16:21:15,31.09,1.3
842,40.91361,141.71341,2019/05/30 16:51:14,33.43,1.0
843,40.92812,141.69986,2019/05/30 17:21:15,45.26,1.0
844,40.93529,141.70496,2019/05/30 17:51:14,29.82,1.2
845,40.96113,141.77094,2019/05/30 18:21:14,35.1,4.1
846,40.98395,141.87556,2019/05/30 18:51:16,35.75,1.3
847,40.98814,141.99083,2019/05/30 19:21:16,40.02,1.5
848,40.90905,141.94537,2019/05/30 19:51:13,41.36,1.5
849,40.8225,141.84137,2019/05/30 20:21:13,48.94,1.1
850,40.78315,141.81237,2019/05/30 20:51:13,34.93,2.6
851,40.6548,141.68464,2019/05/30 21:21:14,38.82,0.9
852,40.53895,141.55795,2019/05/30 21:51:13,52.36,1.7
853,40.53895,141.55789,2019/05/30 22:21:14,45.87,1.5
854,40.53889,141.55797,2019/05/30 22:51:18,45.53,6.8
855,40.53894,141.55794,2019/05/30 23:21:13,45.51,3.6
856,40.54625,141.52796,2019/05/30 23:51:13,39.38,1.2
857,40.70601,141.53073,2019/05/31 00:21:13,78.46,1.6
858,40.89159,141.57933,2019/05/31 00:51:15,33.4,1.2
859,40.89008,141.58775,2019/05/31 01:21:13,32.25,1.2
860,40.88285,141.6115,2019/05/31 01:51:12,35.87,1.1
861,40.88339,141.61749,2019/05/31 02:21:12,32.88,0.9
862,40.83104,141.63352,2019/05/31 02:51:12,41.76,1.7
863,40.71725,141.60955,2019/05/31 03:21:12,33.21,1.1
864,40.55576,141.56858,2019/05/31 03:51:12,58.82,3.4
865,40.53894,141.55793,2019/05/31 04:21:12,48.2,1.6
866,40.53896,141.55792,2019/05/31 04:51:12,40.06,1.4
867,40.53894,141.55795,2019/05/31 05:21:12,39.08,1.2
868,40.53894,141.55792,2019/05/31 05:51:12,39.99,1.2
869,40.53899,141.55797,2019/05/31 06:21:13,40.64,6.8
870,40.53894,141.55793,2019/05/31 06:51:12,36.46,1.7
871,40.54098,141.54753,2019/05/31 07:21:12,43.87,1.1
872,40.5415,141.50452,2019/05/31 07:51:12,44.39,1.2
873,40.53894,141.55794,2019/05/31 08:21:11,49.92,2.4
874,40.53888,141.5579,2019/05/31 08:51:11,48.18,3.2
875,40.53902,141.55802,2019/05/31 09:21:12,46.04,2.9
876,40.53898,141.55793,2019/05/31 09:51:11,44.35,1.7
877,40.53892,141.55795,2019/05/31 10:21:11,44.09,3.7
878,40.53892,141.55794,2019/05/31 10:51:11,44.29,2.3
879,40.53892,141.55798,2019/05/31 11:21:12,44.68,1.1
880,40.53894,141.55786,2019/05/31 11:51:12,30.47,1.4
881,40.53892,141.55794,2019/05/31 12:21:11,35.08,1.8
882,40.53896,141.55793,2019/05/31 12:51:11,38.61,1.9
883,40.53897,141.55795,2019/05/31 13:21:13,38.72,1.5
884,40.53894,141.5579,2019/05/31 13:51:11,42.53,1.3
885,40.53893,141.55796,2019/05/31 14:21:15,42.28,1.9
886,40.53894,141.55798,2019/05/31 14:51:13,39.99,2.7
887,40.53898,141.55792,2019/05/31 15:21:15,39.11,2.9
888,40.53894,141.55798,2019/05/31 15:51:17,48.0,2.3
889,40.53895,141.55799,2019/05/31 16:21:11,36.07,1.6
890,40.53891,141.55803,2019/05/31 16:51:16,36.07,2.2
891,40.53894,141.55795,2019/05/31 17:21:10,41.13,1.1
892,40.53891,141.5579,2019/05/31 17:51:16,41.13,6.4
893,40.53897,141.55796,2019/05/31 18:21:11,40.14,1.9
894,40.53895,141.55797,2019/05/31 18:51:10,41.98,1.3
895,40.53895,141.55793,2019/05/31 19:21:12,40.09,1.6
896,40.53896,141.55794,2019/05/31 19:51:12,40.12,1.5
897,40.53894,141.5579,2019/05/31 20:21:11,42.83,1.2
898,40.53887,141.55792,2019/05/31 20:51:15,42.24,3.0
899,40.53895,141.55795,2019/05/31 21:21:11,43.25,2.5
900,40.53895,141.55796,2019/05/31 21:51:10,35.05,1.6
901,40.53897,141.55793,2019/05/31 22:21:10,48.08,1.8
902,40.69644,141.65064,2019/05/31 22:51:09,58.84,1.3
903,40.84589,141.68897,2019/05/31 23:21:10,32.78,1.3
904,40.99375,141.706,2019/05/31 23:51:09,57.01,0.9
905,41.06789,141.86648,2019/06/01 00:21:09,45.88,1.0
906,41.14182,141.95109,2019/06/01 00:51:10,24.33,1.2
907,41.07617,141.87083,2019/06/01 01:21:09,54.27,2.3
908,41.12294,141.71989,2019/06/01 01:51:09,42.26,1.2
909,41.08428,141.61007,2019/06/01 02:21:09,50.84,1.8
910,41.01115,141.47566,2019/06/01 02:51:09,37.69,1.3
911,40.97899,141.38545,2019/06/01 03:21:09,35.72,1.3
912,40.92987,141.40134,2019/06/01 03:51:12,37.48,2.5
913,40.93278,141.40115,2019/06/01 04:21:09,33.5,2.1
914,40.92859,141.40274,2019/06/01 04:51:09,34.04,1.0
915,40.92419,141.40793,2019/06/01 05:21:09,37.45,1.0
916,40.93164,141.40065,2019/06/01 05:51:09,40.42,0.9
917,40.94209,141.39826,2019/06/01 06:21:09,39.05,1.3
918,40.93488,141.41159,2019/06/01 06:51:08,32.69,1.5
919,40.92827,141.40303,2019/06/01 07:21:08,33.46,2.9
920,40.83896,141.42659,2019/06/01 07:51:08,31.9,2.6
921,40.70271,141.44546,2019/06/01 08:21:08,38.26,1.1
922,40.58625,141.48002,2019/06/01 08:51:08,43.55,3.5
923,40.53898,141.55801,2019/06/01 09:21:08,39.31,2.1
924,40.53893,141.55789,2019/06/01 09:51:08,38.88,1.7
925,40.53895,141.55792,2019/06/01 10:21:08,37.91,1.4
926,40.54474,141.56105,2019/06/01 10:51:08,35.89,1.0
927,40.55476,141.57108,2019/06/01 11:21:09,37.05,2.7
928,40.55693,141.57327,2019/06/01 11:51:09,38.39,1.6
929,40.56154,141.57893,2019/06/01 12:21:08,36.2,1.2
930,40.56438,141.58443,2019/06/01 12:51:07,33.76,1.2
931,40.59777,141.62184,2019/06/01 13:21:07,33.78,1.6
932,40.59627,141.62881,2019/06/01 13:51:07,35.82,1.4
933,40.60887,141.64618,2019/06/01 14:21:07,62.47,1.5
934,40.65307,141.67306,2019/06/01 14:51:07,32.97,1.0
935,40.6877,141.72554,2019/06/01 15:21:08,35.67,1.2
936,40.72693,141.7806,2019/06/01 15:51:08,31.76,1.2
937,40.75546,141.84037,2019/06/01 16:21:08,35.32,1.3
938,40.77924,141.91928,2019/06/01 16:51:07,34.35,1.4
939,40.7843,141.94562,2019/06/01 17:21:07,34.43,1.9
940,40.78154,141.94872,2019/06/01 17:51:07,31.05,1.7
941,40.78279,142.01123,2019/06/01 18:21:07,27.2,1.9
942,40.75783,142.15789,2019/06/01 18:51:08,37.7,1.1
943,40.68474,142.21927,2019/06/01 19:21:07,33.89,1.5
944,40.68125,142.15154,2019/06/01 19:51:06,42.76,1.2
945,40.60544,142.09792,2019/06/01 20:21:07,55.3,1.0
946,40.60341,142.0858,2019/06/01 20:51:06,62.42,1.2
947,40.59817,142.00824,2019/06/01 21:21:07,33.09,0.9
948,40.51889,141.82818,2019/06/01 21:51:06,97.39,1.6
949,40.50544,141.63458,2019/06/01 22:21:06,37.84,1.4
950,40.53899,141.55788,2019/06/01 22:51:06,42.25,7.2
951,40.53897,141.55799,2019/06/01 23:21:06,42.71,1.5
952,40.53895,141.55794,2019/06/02 00:21:09,43.36,1.6
953,40.53897,141.55792,2019/06/02 00:51:06,36.46,1.7
954,40.53732,141.53512,2019/06/02 01:21:06,37.59,2.0
955,40.60154,141.54333,2019/06/02 01:51:06,52.41,1.9
956,40.74163,141.53371,2019/06/02 02:21:06,37.38,1.1
957,40.86152,141.60163,2019/06/02 02:51:07,45.63,0.9
958,40.88029,141.65479,2019/06/02 03:21:06,29.39,1.3
959,40.87647,141.60923,2019/06/02 03:51:06,31.79,1.5
960,40.6946,141.57702,2019/06/02 04:21:05,46.89,1.0
961,40.53897,141.55791,2019/06/02 04:51:05,42.63,1.5
962,40.53896,141.55792,2019/06/02 05:21:06,35.4,1.2
963,40.53893,141.558,2019/06/02 05:51:05,37.31,1.2
964,40.53667,141.54489,2019/06/02 06:21:05,56.94,4.1
965,40.53895,141.55795,2019/06/02 06:51:05,33.84,2.5
966,40.53897,141.55796,2019/06/02 07:21:06,41.0,1.8
967,40.53892,141.55818,2019/06/02 07:51:06,42.89,2.1
968,40.53896,141.55795,2019/06/02 08:21:05,40.13,1.0
969,40.53894,141.55791,2019/06/02 08:51:05,41.36,2.2
970,40.53893,141.55793,2019/06/02 09:21:05,37.2,2.1
971,40.53893,141.5579,2019/06/02 09:51:05,39.47,3.6
972,40.54728,141.56437,2019/06/02 10:21:07,38.67,2.1
973,40.67642,141.61566,2019/06/02 10:51:05,38.87,0.9
974,40.68374,141.62064,2019/06/02 11:21:05,27.92,3.2
975,40.76986,141.66418,2019/06/02 11:51:05,36.62,1.8
976,40.7701,141.67047,2019/06/02 12:21:05,35.1,1.2
977,40.78471,141.6832,2019/06/02 12:51:04,34.38,1.3
978,40.804,141.69518,2019/06/02 13:21:04,31.37,1.2
979,40.80474,141.69764,2019/06/02 13:51:04,30.5,2.3
980,40.80427,141.70199,2019/06/02 14:21:05,30.42,2.9
981,40.80359,141.70647,2019/06/02 14:51:05,36.95,1.0
982,40.81314,141.71409,2019/06/02 15:21:06,34.13,1.7
983,40.81264,141.71598,2019/06/02 15:51:04,32.01,1.2
984,40.81289,141.7177,2019/06/02 16:21:05,33.17,1.3
985,40.81264,141.71853,2019/06/02 16:51:04,31.27,1.0
986,40.81237,141.72068,2019/06/02 17:21:04,35.86,2.4
987,40.81355,141.72131,2019/06/02 17:51:05,33.15,1.3
988,40.84172,141.73281,2019/06/02 18:21:04,35.1,1.1
989,40.93817,141.67472,2019/06/02 18:51:03,39.75,1.1
990,41.04598,141.66281,2019/06/02 19:21:04,43.54,2.3
991,41.07884,141.76122,2019/06/02 19:51:03,45.35,1.2
992,40.9395,141.7398,2019/06/02 20:21:04,49.57,1.2
993,40.87675,141.62413,2019/06/02 20:51:03,29.94,1.2
994,40.77503,141.61971,2019/06/02 21:21:03,37.74,0.9
995,40.59621,141.6061,2019/06/02 21:51:03,49.82,1.6
996,40.53897,141.55792,2019/06/02 22:21:03,43.37,1.3
997,40.53894,141.55792,2019/06/02 22:51:03,43.05,4.5
998,40.53894,141.55795,2019/06/02 23:21:03,39.76,3.2
999,40.63083,141.55578,2019/06/02 23:51:03,60.36,1.2
1000,40.79851,141.56788,2019/06/03 00:21:03,46.89,1.0
1001,40.83557,141.44999,2019/06/03 00:51:03,34.88,1.4
1002,40.82411,141.46658,2019/06/03 01:21:03,37.62,1.7
1003,40.75095,141.45237,2019/06/03 01:51:03,32.2,1.2
1004,40.64432,141.44691,2019/06/03 02:21:02,34.12,1.1
1005,40.60177,141.46253,2019/06/03 02:51:02,35.97,1.8
1006,40.60199,141.46256,2019/06/03 03:21:03,35.25,1.6
1007,40.53893,141.55792,2019/06/03 03:51:02,41.31,1.9
1008,40.53893,141.5579,2019/06/03 04:21:02,38.58,1.5
1009,40.53894,141.55795,2019/06/03 04:51:02,32.72,1.0
1010,40.53903,141.55794,2019/06/03 05:21:02,34.39,2.0
1011,40.53912,141.55791,2019/06/03 05:51:02,18.71,1.6
1012,40.53892,141.55791,2019/06/03 06:21:02,41.34,5.0
1013,40.53897,141.55795,2019/06/03 06:51:02,40.55,1.7
1014,40.54083,141.50423,2019/06/03 07:21:02,39.64,1.3
1015,40.53899,141.55789,2019/06/03 07:51:08,41.66,3.7
1016,40.53902,141.55782,2019/06/03 08:21:02,42.75,2.9
1017,40.53896,141.55795,2019/06/03 08:51:02,40.73,2.3
1018,40.53896,141.55796,2019/06/03 09:21:02,38.22,1.7
1019,40.53897,141.55794,2019/06/03 09:51:01,39.83,1.5
1020,40.53891,141.55794,2019/06/03 10:21:01,41.5,1.6
1021,40.53894,141.55786,2019/06/03 10:51:03,43.27,1.8
1022,40.53891,141.55802,2019/06/03 11:21:01,43.39,2.8
1023,40.53892,141.55791,2019/06/03 11:51:01,43.52,1.1
1024,40.53893,141.55794,2019/06/03 12:21:02,42.77,1.4
1025,40.53895,141.55792,2019/06/03 12:51:01,47.06,1.1
1026,40.53893,141.55796,2019/06/03 13:21:01,41.69,1.4
1027,40.53895,141.55792,2019/06/03 13:51:01,34.96,1.4
1028,40.53892,141.55803,2019/06/03 14:21:02,35.56,1.4
1029,40.53894,141.55797,2019/06/03 14:51:01,37.68,1.8
1030,40.53894,141.55796,2019/06/03 15:21:06,41.16,1.4
1031,40.54776,141.51754,2019/06/03 15:51:01,36.51,1.3
1032,40.55816,141.52137,2019/06/03 16:21:01,37.36,1.5
1033,40.55736,141.52335,2019/06/03 16:51:01,36.62,1.4
1034,40.55736,141.52487,2019/06/03 17:21:00,42.36,1.8
1035,40.55732,141.52482,2019/06/03 17:51:00,36.55,1.3
1036,40.56225,141.52433,2019/06/03 18:21:00,40.14,6.2
1037,40.65893,141.47278,2019/06/03 18:51:00,43.4,1.0
1038,40.79683,141.45827,2019/06/03 19:21:00,42.17,1.9
1039,40.91237,141.42173,2019/06/03 19:51:00,36.57,1.2
1040,40.9399,141.40123,2019/06/03 20:21:00,41.98,2.1
1041,40.94143,141.5196,2019/06/03 20:51:01,53.31,1.0
1042,41.01024,141.62973,2019/06/03 21:21:00,31.44,1.5
1043,41.00552,141.63105,2019/06/03 21:51:00,34.0,1.3
1044,40.9385,141.60566,2019/06/03 22:21:00,32.4,1.3
1045,40.9377,141.59738,2019/06/03 22:51:00,32.75,1.2
1046,40.93384,141.58599,2019/06/03 23:21:00,31.72,4.3
1047,40.93101,141.59284,2019/06/03 23:51:00,33.86,1.9
1048,40.9232,141.4127,2019/06/04 00:20:59,45.4,1.0
1049,40.93382,141.40141,2019/06/04 00:50:59,34.41,1.2
1050,40.93622,141.40135,2019/06/04 01:20:59,41.43,1.4
1051,40.93358,141.401,2019/06/04 01:50:59,38.27,1.3
1052,40.93279,141.39692,2019/06/04 02:20:59,32.11,1.2
1053,40.91813,141.40331,2019/06/04 02:50:59,30.86,1.5
1054,40.91843,141.40281,2019/06/04 03:20:59,31.46,1.3
1055,40.95741,141.39577,2019/06/04 03:50:59,47.86,1.6
1056,40.96539,141.42311,2019/06/04 04:20:59,37.35,1.0
1057,40.98917,141.42536,2019/06/04 04:50:59,34.23,1.0
1058,40.93633,141.39567,2019/06/04 05:20:59,33.97,1.1
1059,40.92999,141.40111,2019/06/04 05:50:59,35.51,1.2
1060,40.92923,141.39799,2019/06/04 06:20:59,35.4,1.4
1061,40.92882,141.40304,2019/06/04 06:51:00,35.02,6.2
1062,40.9279,141.40333,2019/06/04 07:20:58,32.35,2.2
1063,40.92857,141.4028,2019/06/04 07:51:04,32.35,5.9
1064,40.93019,141.40092,2019/06/04 08:21:04,32.99,1.1
1065,40.87604,141.39655,2019/06/04 08:50:58,34.09,2.1
1066,40.72667,141.44268,2019/06/04 09:20:59,53.14,0.9
1067,40.60176,141.46578,2019/06/04 09:50:58,39.89,1.5
1068,40.58752,141.47947,2019/06/04 10:20:59,40.54,1.6
1069,40.55817,141.52658,2019/06/04 10:50:58,36.89,1.4
1070,40.55811,141.52663,2019/06/04 11:20:58,34.32,2.1
1071,40.55814,141.5266,2019/06/04 11:50:59,33.9,1.7
1072,40.56303,141.52812,2019/06/04 12:20:58,37.51,1.1
1073,40.53899,141.55796,2019/06/04 12:50:58,42.64,1.9
1074,40.53895,141.55791,2019/06/04 13:20:58,43.89,1.2
1075,40.53896,141.55794,2019/06/04 13:50:59,43.81,1.4
1076,40.53893,141.55851,2019/06/04 14:20:58,38.17,1.3
1077,40.54503,141.55894,2019/06/04 14:50:59,37.67,1.9
1078,40.54503,141.55901,2019/06/04 15:20:58,34.55,3.2
1079,40.54498,141.55905,2019/06/04 15:51:04,45.16,2.5
1080,40.54505,141.55898,2019/06/04 16:20:56,39.03,1.7
1081,40.54508,141.55893,2019/06/04 16:50:57,41.03,1.9
1082,40.54522,141.55891,2019/06/04 17:21:00,40.84,12.7
1083,40.54505,141.55898,2019/06/04 17:50:57,36.44,2.4
1084,40.56139,141.52987,2019/06/04 18:20:57,36.92,1.1
1085,40.53893,141.55796,2019/06/04 18:50:57,41.81,1.1
1086,40.53894,141.55799,2019/06/04 19:20:58,43.02,1.8
1087,40.53891,141.55794,2019/06/04 19:50:57,38.29,1.2
1088,40.53892,141.55844,2019/06/04 20:20:58,37.7,1.1
1089,40.55731,141.51365,2019/06/04 20:51:03,46.29,3.0
1090,40.55723,141.51366,2019/06/04 21:20:57,38.28,2.2
1091,40.69149,141.5562,2019/06/04 21:50:56,41.17,1.3
1092,40.80766,141.56338,2019/06/04 22:20:56,42.16,1.7
1093,40.79296,141.5616,2019/06/04 22:50:58,40.1,1.0
1094,40.78853,141.5673,2019/06/04 23:20:56,36.8,1.0
1095,40.6486,141.55576,2019/06/04 23:50:56,46.53,1.1
1096,40.54584,141.55409,2019/06/05 00:20:56,39.46,1.4
1097,40.53895,141.55789,2019/06/05 00:50:56,47.03,1.4
1098,40.53893,141.55796,2019/06/05 01:20:56,45.19,1.4
1099,40.53897,141.55793,2019/06/05 01:50:56,42.1,1.3
1100,40.539,141.55798,2019/06/05 02:20:56,41.12,1.5
1101,40.53896,141.55794,2019/06/05 02:50:56,40.56,1.8
1102,40.53893,141.55795,2019/06/05 03:20:56,36.19,1.9
1103,40.53898,141.55794,2019/06/05 03:50:56,35.1,1.2
1104,40.54073,141.50319,2019/06/05 04:20:56,35.69,0.9
1105,40.55841,141.50737,2019/06/05 04:50:56,33.21,1.2
1106,40.63137,141.45108,2019/06/05 05:20:56,41.08,2.4
1107,40.67206,141.44886,2019/06/05 05:50:55,41.03,1.1
1108,40.68311,141.44706,2019/06/05 06:20:55,40.71,1.5
1109,40.68383,141.44636,2019/06/05 06:50:55,41.41,1.6
1110,40.68311,141.44669,2019/06/05 07:21:01,41.41,12.7
1111,40.68261,141.44696,2019/06/05 07:51:01,41.71,2.2
1112,40.68228,141.44715,2019/06/05 08:20:59,41.71,2.6
1113,40.68221,141.44721,2019/06/05 08:50:56,33.12,3.5
1114,40.68386,141.44597,2019/06/05 09:20:55,34.42,1.8
1115,40.6827,141.44697,2019/06/05 09:50:55,33.27,2.4
1116,40.68165,141.44757,2019/06/05 10:20:55,40.86,1.3
1117,40.61947,141.48632,2019/06/05 10:50:55,42.84,1.8
1118,40.61298,141.49209,2019/06/05 11:20:55,36.81,2.6
1119,40.61305,141.49367,2019/06/05 11:50:55,35.29,1.3
1120,40.61336,141.49519,2019/06/05 12:20:55,34.39,1.3
1121,40.61405,141.49792,2019/06/05 12:50:54,34.58,1.5
1122,40.6141,141.49943,2019/06/05 13:20:54,35.45,1.4
1123,40.55732,141.52478,2019/06/05 13:50:54,39.35,1.4
1124,40.5573,141.52483,2019/06/05 14:20:54,38.17,1.8
1125,40.55737,141.52469,2019/06/05 14:50:55,48.7,2.1
1126,40.55732,141.52481,2019/06/05 15:20:54,42.83,1.2
1127,40.5587,141.53084,2019/06/05 15:50:56,40.74,2.2
1128,40.5394,141.55829,2019/06/05 16:20:54,40.26,1.4
1129,40.53891,141.55796,2019/06/05 16:50:54,45.82,1.2
1130,40.53896,141.55803,2019/06/05 17:20:54,45.24,2.4
1131,40.53899,141.55803,2019/06/05 17:50:54,47.83,2.1
1132,40.53894,141.558,2019/06/05 18:20:54,46.38,1.0
1133,40.53894,141.55795,2019/06/05 18:50:54,46.43,1.0
1134,40.53894,141.55797,2019/06/05 19:20:54,39.79,1.2
1135,40.5387,141.55875,2019/06/05 19:50:58,46.02,1.0
1136,40.53894,141.55791,2019/06/05 20:20:54,41.31,2.9
1137,40.53898,141.55799,2019/06/05 20:50:53,41.01,2.7
1138,40.53894,141.55799,2019/06/05 21:20:54,39.27,1.6
1139,40.53898,141.55789,2019/06/05 21:50:54,41.84,1.4
1140,40.53889,141.55802,2019/06/05 22:20:55,44.33,2.6
1141,40.53894,141.55796,2019/06/05 22:50:54,44.39,1.0
1142,40.53874,141.55899,2019/06/05 23:20:54,44.45,2.9
1143,40.53891,141.55791,2019/06/05 23:50:59,44.23,2.6
1144,40.53896,141.55796,2019/06/06 00:20:53,37.04,1.2
1145,40.54512,141.55765,2019/06/06 00:50:53,37.8,1.3
1146,40.53894,141.55798,2019/06/06 01:20:53,37.24,1.1
1147,40.5977,141.49414,2019/06/06 01:50:53,44.36,1.0
1148,40.68314,141.44678,2019/06/06 02:20:53,44.04,1.6
1149,40.75787,141.46371,2019/06/06 02:50:52,44.98,1.4
1150,40.84701,141.50501,2019/06/06 03:20:52,38.79,1.2
1151,40.93987,141.4012,2019/06/06 03:50:52,36.57,1.5
1152,40.93919,141.40098,2019/06/06 04:20:52,22.05,2.8
1153,40.93685,141.40097,2019/06/06 04:50:52,37.27,1.1
1154,40.93806,141.40077,2019/06/06 05:20:52,37.04,3.4
1155,40.92647,141.40007,2019/06/06 06:20:52,38.1,1.9
1156,40.93282,141.40191,2019/06/06 06:50:52,35.53,1.4
1157,40.93379,141.40117,2019/06/06 07:20:52,35.43,3.3
1158,40.92583,141.41625,2019/06/06 07:50:52,37.24,2.1
1159,40.9365,141.40132,2019/06/06 08:20:52,48.98,2.2
1160,40.93964,141.40049,2019/06/06 08:50:56,48.99,14.9
1161,40.93932,141.40064,2019/06/06 09:20:57,48.34,5.1
1162,40.94014,141.4008,2019/06/06 09:50:57,47.75,2.3
1163,40.93125,141.42002,2019/06/06 10:20:51,38.74,1.2
1164,40.93714,141.41918,2019/06/06 10:50:51,38.55,1.0
1165,40.94439,141.41926,2019/06/06 11:20:51,33.43,1.0
1166,40.95176,141.41971,2019/06/06 11:50:51,35.54,1.2
1167,40.95852,141.42154,2019/06/06 12:20:51,35.46,1.6
1168,40.96409,141.42309,2019/06/06 12:50:51,37.65,1.1
1169,40.96818,141.42729,2019/06/06 13:20:51,36.05,1.3
1170,40.97199,141.43213,2019/06/06 13:50:52,34.53,4.5
1171,40.96881,141.43963,2019/06/06 14:20:51,29.38,1.0
1172,40.95513,141.43478,2019/06/06 14:50:51,117.0,1.3
1173,40.9435,141.3995,2019/06/06 15:20:51,36.01,1.4
1174,40.94092,141.40254,2019/06/06 15:50:51,28.56,1.3
1175,40.94018,141.397,2019/06/06 16:20:51,29.17,2.2
1176,40.93969,141.40141,2019/06/06 16:50:53,35.47,1.4
1177,40.93945,141.40571,2019/06/06 17:20:51,40.33,4.2
1178,40.9377,141.40505,2019/06/06 17:50:50,43.44,2.3
1179,40.94077,141.39966,2019/06/06 18:20:51,37.01,1.2
1180,40.92746,141.3922,2019/06/06 18:50:51,44.34,1.2
1181,40.92847,141.40272,2019/06/06 19:20:54,43.78,2.3
1182,40.92919,141.40195,2019/06/06 19:50:53,42.29,2.1
1183,40.92966,141.40156,2019/06/06 20:20:50,45.26,1.6
1184,40.89882,141.40393,2019/06/06 20:50:50,36.51,0.9
1185,40.76146,141.41615,2019/06/06 21:20:51,28.96,1.4
1186,40.62057,141.45572,2019/06/06 21:50:50,52.4,1.4
1187,40.539,141.55789,2019/06/06 22:20:50,43.02,2.7
1188,40.53898,141.55793,2019/06/06 22:50:50,42.65,3.6
1189,40.55042,141.55725,2019/06/06 23:20:50,34.55,0.9
1190,40.74075,141.5306,2019/06/06 23:50:50,50.89,1.0
1191,40.77806,141.56268,2019/06/07 00:20:49,30.27,1.2
1192,40.75321,141.57382,2019/06/07 00:50:49,31.79,1.5
1193,40.77898,141.57605,2019/06/07 01:20:49,32.43,1.4
1194,40.75425,141.58249,2019/06/07 01:50:49,31.5,1.2
1195,40.87528,141.49463,2019/06/07 02:20:49,51.83,1.1
1196,40.93157,141.40136,2019/06/07 02:50:50,35.93,1.8
1197,40.93909,141.40088,2019/06/07 03:20:50,35.55,2.7
1198,40.93845,141.40084,2019/06/07 03:50:50,34.35,1.8
1199,40.94008,141.40097,2019/06/07 04:20:49,40.59,1.0
1200,40.93867,141.40116,2019/06/07 04:50:50,42.44,1.0
1201,40.93867,141.40081,2019/06/07 05:20:53,41.31,4.7
1202,40.93911,141.40087,2019/06/07 05:50:49,42.97,1.1
1203,40.9378,141.40265,2019/06/07 06:20:54,42.97,38.5
1204,40.93736,141.40077,2019/06/07 06:50:48,36.43,1.7
1205,40.93791,141.40113,2019/06/07 07:20:49,36.06,3.8
1206,40.93773,141.40088,2019/06/07 07:50:58,36.06,2.8
1207,40.93975,141.40088,2019/06/07 08:20:54,35.74,4.8
1208,40.93889,141.40072,2019/06/07 08:50:52,35.74,17.3
1209,40.93471,141.40085,2019/06/07 09:20:53,35.47,4.7
1210,40.92927,141.40209,2019/06/07 09:50:49,27.73,2.1
1211,40.92824,141.4031,2019/06/07 10:20:49,28.21,2.4
1212,40.94026,141.40111,2019/06/07 10:50:48,37.55,0.9
1213,40.94127,141.39958,2019/06/07 11:20:48,33.92,1.1
1214,40.94525,141.39576,2019/06/07 11:50:48,32.4,1.6
1215,40.9499,141.39287,2019/06/07 12:20:48,35.26,1.3
1216,40.9533,141.39034,2019/06/07 12:50:48,34.61,1.5
1217,40.95491,141.38968,2019/06/07 13:20:48,34.78,1.1
1218,40.95478,141.39,2019/06/07 13:50:48,35.11,1.4
1219,40.95373,141.38994,2019/06/07 14:20:48,36.26,0.9
1220,40.95195,141.38971,2019/06/07 14:50:47,32.95,1.2
1221,40.95034,141.38949,2019/06/07 15:20:48,33.85,1.2
1222,40.94968,141.38926,2019/06/07 15:50:47,35.81,2.1
1223,40.94796,141.38892,2019/06/07 16:20:48,31.42,1.8
1224,40.93985,141.39658,2019/06/07 16:50:48,31.57,1.5
1225,40.93895,141.39831,2019/06/07 17:20:48,32.21,1.3
1226,40.93803,141.39952,2019/06/07 17:50:48,37.1,1.3
1227,40.93436,141.40017,2019/06/07 18:20:48,35.91,1.2
1228,40.92796,141.39693,2019/06/07 18:50:48,40.48,1.3
1229,40.92972,141.40125,2019/06/07 19:20:48,55.98,2.3
1230,40.93059,141.40081,2019/06/07 19:50:51,45.26,13.5
1231,40.92749,141.40391,2019/06/07 20:20:53,40.08,1.3
1232,40.92794,141.40334,2019/06/07 20:50:52,39.0,1.3
1233,40.77836,141.41775,2019/06/07 21:20:47,40.37,1.7
1234,40.67165,141.43679,2019/06/07 21:50:46,41.77,1.2
1235,40.60437,141.46324,2019/06/07 22:20:46,43.2,1.2
1236,40.60562,141.46357,2019/06/07 22:50:46,41.17,1.3
1237,40.55864,141.50671,2019/06/07 23:20:46,44.28,1.0
1238,40.53901,141.55794,2019/06/07 23:50:46,45.92,1.1
1239,40.53894,141.55789,2019/06/08 00:20:46,38.12,1.6
1240,40.53894,141.55792,2019/06/08 00:50:46,43.17,1.3
1241,40.54177,141.5068,2019/06/08 01:20:46,31.93,1.1
1242,40.54052,141.50368,2019/06/08 01:50:46,37.63,1.5
1243,40.54055,141.50367,2019/06/08 02:20:46,35.72,1.6
1244,40.54118,141.50086,2019/06/08 02:50:46,36.32,1.1
1245,40.554,141.49846,2019/06/08 03:20:46,36.69,1.2
1246,40.60282,141.46488,2019/06/08 03:50:46,28.79,1.2
1247,40.64861,141.44482,2019/06/08 04:20:46,32.54,2.1
1248,40.71258,141.43209,2019/06/08 04:50:46,39.97,1.1
1249,40.84375,141.40778,2019/06/08 05:20:46,38.6,0.9
1250,40.93108,141.40112,2019/06/08 05:50:47,38.45,1.3
1251,40.93118,141.40079,2019/06/08 06:20:52,38.94,1.6
1252,40.93327,141.40093,2019/06/08 06:50:52,38.94,14.9
1253,40.93404,141.40095,2019/06/08 07:20:45,36.84,3.6
1254,40.93555,141.40091,2019/06/08 07:50:45,38.35,1.1
1255,40.92771,141.40345,2019/06/08 08:20:45,45.29,2.7
1256,40.94023,141.42044,2019/06/08 08:50:52,45.6,15.8
1257,40.88931,141.41102,2019/06/08 09:20:45,59.0,1.6
1258,40.73676,141.44796,2019/06/08 09:50:45,26.12,2.1
1259,40.60631,141.51884,2019/06/08 10:20:45,42.72,1.3
1260,40.53893,141.55792,2019/06/08 10:50:45,45.25,1.2
1261,40.53894,141.55796,2019/06/08 11:20:45,45.09,1.2
1262,40.53951,141.55844,2019/06/08 11:50:45,129.77,2.3
1263,40.53896,141.55797,2019/06/08 12:20:44,43.97,1.3
1264,40.53897,141.55798,2019/06/08 12:50:45,42.62,1.4
1265,40.54787,141.5578,2019/06/08 13:20:45,42.19,1.2
1266,40.53893,141.55797,2019/06/08 13:50:44,38.65,1.4
1267,40.53894,141.55795,2019/06/08 14:20:44,38.37,2.5
1268,40.53889,141.55791,2019/06/08 14:50:45,33.85,4.4
1269,40.55266,141.54732,2019/06/08 15:20:50,37.5,1.2
1270,40.56158,141.54661,2019/06/08 15:50:51,44.83,1.5
1271,40.57146,141.5475,2019/06/08 16:20:45,33.93,1.0
1272,40.57363,141.55527,2019/06/08 16:50:45,34.11,1.2
1273,40.57483,141.56219,2019/06/08 17:20:45,33.19,1.2
1274,40.57614,141.56823,2019/06/08 17:50:44,35.39,1.1
1275,40.55079,141.55257,2019/06/08 18:20:44,37.33,1.0
1276,40.53896,141.55789,2019/06/08 18:50:45,41.04,1.1
1277,40.64069,141.48534,2019/06/08 19:20:45,49.51,1.8
1278,40.8105,141.43648,2019/06/08 19:50:44,34.86,1.0
1279,40.92784,141.40351,2019/06/08 20:20:45,38.65,2.5
1280,40.92894,141.40237,2019/06/08 20:50:43,43.11,1.8
1281,40.92784,141.4036,2019/06/08 21:20:43,35.14,2.5
1282,40.92577,141.40579,2019/06/08 21:50:44,34.87,1.9
1283,40.92869,141.40265,2019/06/08 22:20:43,41.41,1.1
1284,40.92838,141.40297,2019/06/08 22:50:43,40.22,0.9
1285,40.92503,141.40661,2019/06/08 23:20:49,36.29,3.4
1286,40.92569,141.40599,2019/06/08 23:50:43,38.31,1.2
1287,40.92445,141.40861,2019/06/09 00:20:44,38.22,2.0
1288,40.92698,141.40454,2019/06/09 00:50:49,30.92,2.2
1289,40.90293,141.41526,2019/06/09 01:20:43,32.69,1.6
1290,40.74209,141.46494,2019/06/09 01:50:43,38.77,1.1
1291,40.58413,141.52172,2019/06/09 02:20:43,34.09,1.6
1292,40.53895,141.55791,2019/06/09 02:50:42,40.77,1.2
1293,40.5389,141.55792,2019/06/09 03:20:42,26.99,1.2
1294,40.54093,141.53021,2019/06/09 03:50:42,55.22,1.7
1295,40.55498,141.50018,2019/06/09 04:20:42,41.31,1.0
1296,40.70314,141.43641,2019/06/09 04:50:42,41.87,1.0
1297,40.86236,141.41173,2019/06/09 05:20:42,37.61,1.0
1298,40.92756,141.4039,2019/06/09 05:50:42,32.56,1.4
1299,40.92929,141.40204,2019/06/09 06:20:42,33.74,1.7
1300,40.92968,141.40129,2019/06/09 06:50:41,31.83,2.5
1301,40.9269,141.40176,2019/06/09 07:20:42,29.78,2.9
1302,40.9248,141.40685,2019/06/09 07:50:47,30.16,2.3
1303,40.92744,141.39231,2019/06/09 08:20:42,30.48,1.1
1304,40.92744,141.40406,2019/06/09 08:50:43,30.31,2.9
1305,40.92585,141.40564,2019/06/09 09:20:43,32.89,3.6
1306,40.92671,141.40476,2019/06/09 09:50:46,33.51,2.0
1307,40.9193,141.40713,2019/06/09 10:20:41,34.46,1.3
1308,40.92264,141.40913,2019/06/09 10:50:41,34.38,1.0
1309,40.93099,141.41518,2019/06/09 11:20:41,35.45,1.1
1310,40.94098,141.41839,2019/06/09 11:50:41,34.8,1.2
1311,40.94904,141.41627,2019/06/09 12:20:41,35.73,1.2
1312,40.95518,141.41391,2019/06/09 12:50:41,37.62,1.4
1313,40.96147,141.4122,2019/06/09 13:20:41,37.93,1.5
1314,40.96631,141.41015,2019/06/09 13:50:42,36.83,1.3
1315,40.97065,141.40808,2019/06/09 14:20:42,36.57,1.3
1316,40.97465,141.4051,2019/06/09 14:50:42,31.54,1.1
1317,40.97847,141.40325,2019/06/09 15:20:41,36.6,1.2
1318,40.98331,141.4012,2019/06/09 15:50:42,37.54,1.3
1319,40.98819,141.39895,2019/06/09 16:20:41,35.95,1.4
1320,40.9924,141.39669,2019/06/09 16:50:42,37.78,1.8
1321,40.99563,141.39359,2019/06/09 17:20:41,36.16,1.3
1322,40.99775,141.39132,2019/06/09 17:50:40,36.34,1.2
1323,40.99835,141.38973,2019/06/09 18:20:40,39.21,1.3
1324,40.97586,141.39939,2019/06/09 18:50:40,49.13,1.3
1325,40.92696,141.40388,2019/06/09 19:20:40,34.75,1.5
1326,40.92623,141.40529,2019/06/09 19:50:42,35.78,2.1
1327,40.92782,141.40332,2019/06/09 20:20:40,35.12,3.5
1328,40.92722,141.40407,2019/06/09 20:50:47,40.85,1.4
1329,40.92557,141.40607,2019/06/09 21:20:40,41.11,1.6
1330,40.92485,141.40687,2019/06/09 21:50:41,27.82,2.0
1331,40.92629,141.40522,2019/06/09 22:20:40,41.27,1.0
1332,40.9242,141.40749,2019/06/09 22:50:46,41.28,5.8
1333,40.92627,141.40526,2019/06/09 23:20:40,40.04,1.0
1334,40.92327,141.40743,2019/06/09 23:50:46,35.69,1.5
1335,40.93021,141.40099,2019/06/10 00:20:45,31.67,1.9
1336,40.92965,141.40154,2019/06/10 00:50:39,31.13,1.6
1337,40.92842,141.39355,2019/06/10 01:20:39,32.47,1.7
1338,40.92529,141.39828,2019/06/10 01:50:39,33.88,1.6
1339,40.92604,141.39938,2019/06/10 02:20:40,35.8,2.9
1340,40.93063,141.40101,2019/06/10 02:50:39,38.92,1.1
1341,40.93084,141.4009,2019/06/10 03:20:39,36.37,1.2
1342,40.93106,141.40104,2019/06/10 03:50:39,42.39,1.5
1343,40.87871,141.3996,2019/06/10 04:20:39,29.97,1.0
1344,40.74762,141.41705,2019/06/10 04:50:40,37.75,1.9
1345,40.60761,141.46155,2019/06/10 05:20:41,46.48,3.9
1346,40.55729,141.52515,2019/06/10 05:50:40,45.51,1.1
1347,40.53892,141.55797,2019/06/10 06:20:39,37.5,2.1
1348,40.53892,141.55792,2019/06/10 06:50:39,37.13,2.1
1349,40.5389,141.55801,2019/06/10 07:20:39,38.74,6.7
1350,40.53816,141.55893,2019/06/10 07:50:38,38.46,1.1
1351,40.53816,141.55895,2019/06/10 08:20:39,36.25,1.2
1352,40.53899,141.55794,2019/06/10 08:50:39,43.78,2.9
1353,40.53829,141.55874,2019/06/10 09:20:38,40.07,1.6
1354,40.53821,141.55885,2019/06/10 09:50:38,34.23,1.5
1355,40.53819,141.55887,2019/06/10 10:20:38,36.64,1.0
1356,40.54909,141.54622,2019/06/10 10:50:38,39.25,1.4
1357,40.54912,141.5462,2019/06/10 11:20:38,38.57,1.2
1358,40.539,141.55801,2019/06/10 11:50:39,43.1,1.5
1359,40.5491,141.54621,2019/06/10 12:20:38,42.64,1.2
1360,40.54914,141.54627,2019/06/10 12:50:38,42.45,1.4
1361,40.54912,141.54624,2019/06/10 13:20:39,40.94,1.4
1362,40.54916,141.54638,2019/06/10 13:50:39,54.94,1.7
1363,40.54921,141.54632,2019/06/10 14:20:41,44.3,1.9
1364,40.5492,141.54638,2019/06/10 14:50:37,44.01,1.7
1365,40.54918,141.54637,2019/06/10 15:20:38,41.52,1.3
1366,40.54917,141.54634,2019/06/10 15:50:37,46.04,2.1
1367,40.54918,141.54637,2019/06/10 16:20:37,39.46,1.7
1368,40.53883,141.55806,2019/06/10 16:50:37,27.66,1.8
1369,40.5491,141.54626,2019/06/10 17:20:43,28.6,2.9
1370,40.5492,141.54634,2019/06/10 17:50:37,39.43,1.1
1371,40.54923,141.54641,2019/06/10 18:20:37,44.78,1.1
1372,40.57711,141.53412,2019/06/10 18:50:37,42.95,2.0
1373,40.77279,141.47718,2019/06/10 19:20:37,46.16,1.0
1374,40.92781,141.40345,2019/06/10 19:50:38,45.13,2.1
1375,40.92616,141.40027,2019/06/10 20:20:37,41.61,1.0
1376,40.93014,141.40101,2019/06/10 20:50:37,37.95,2.0
1377,40.9351,141.40064,2019/06/10 21:20:37,36.47,1.2
1378,40.93042,141.40085,2019/06/10 21:50:36,35.56,2.2
1379,40.92421,141.39671,2019/06/10 22:20:36,50.67,1.4
1380,40.92977,141.40162,2019/06/10 22:50:43,50.71,3.9
1381,40.92733,141.40394,2019/06/10 23:20:42,55.43,2.0
1382,40.92989,141.40129,2019/06/10 23:50:36,38.16,1.1
1383,40.92989,141.40134,2019/06/11 00:20:36,36.77,1.1
1384,40.93108,141.40086,2019/06/11 00:50:36,35.75,2.7
1385,40.93129,141.40076,2019/06/11 01:20:38,35.9,2.7
1386,40.93131,141.40084,2019/06/11 01:50:36,34.97,1.9
1387,40.92995,141.40128,2019/06/11 02:20:40,31.29,3.6
1388,40.9297,141.40163,2019/06/11 02:50:40,31.29,4.4
1389,40.92977,141.40288,2019/06/11 03:20:37,33.08,1.2
1390,40.92859,141.40275,2019/06/11 03:50:37,33.93,2.8
1391,40.92737,141.40555,2019/06/11 04:20:36,29.09,1.2
1392,40.88007,141.41614,2019/06/11 04:50:36,31.54,0.9
1393,40.74119,141.45862,2019/06/11 05:20:35,49.09,1.3
1394,40.60332,141.4623,2019/06/11 05:50:39,35.05,5.6
1395,40.54291,141.55319,2019/06/11 06:20:35,35.06,1.9
1396,40.53892,141.558,2019/06/11 06:50:35,39.21,2.1
1397,40.53899,141.55794,2019/06/11 07:20:35,40.21,1.2
1398,40.53895,141.55798,2019/06/11 07:50:42,40.0,1.2
1399,40.53838,141.55852,2019/06/11 08:20:35,38.12,1.9
1400,40.53839,141.55847,2019/06/11 08:50:35,38.88,1.7
1401,40.54077,141.50505,2019/06/11 09:20:35,38.58,1.5
1402,40.54436,141.51153,2019/06/11 09:50:35,39.63,2.2
1403,40.54439,141.51158,2019/06/11 10:20:35,37.59,1.8
1404,40.56036,141.50118,2019/06/11 10:50:35,36.67,0.9
1405,40.56032,141.50123,2019/06/11 11:20:35,38.63,1.1
1406,40.56031,141.50126,2019/06/11 11:50:35,39.47,1.5
1407,40.56033,141.50123,2019/06/11 12:20:34,40.3,1.0
1408,40.56034,141.50127,2019/06/11 12:50:35,35.0,1.4
1409,40.56029,141.50123,2019/06/11 13:20:35,40.63,1.1
1410,40.56034,141.50125,2019/06/11 13:50:34,41.06,1.1
1411,40.56035,141.50122,2019/06/11 14:20:35,38.69,1.0
1412,40.56034,141.50126,2019/06/11 14:50:35,39.82,1.8
1413,40.56037,141.50119,2019/06/11 15:20:35,38.8,2.2
1414,40.56033,141.50127,2019/06/11 15:50:34,38.32,2.5
1415,40.56032,141.50121,2019/06/11 16:20:34,36.54,1.4
1416,40.56035,141.50129,2019/06/11 16:50:35,35.94,2.7
1417,40.56034,141.50119,2019/06/11 17:20:34,32.33,1.1
1418,40.56038,141.50126,2019/06/11 17:50:36,41.24,1.7
1419,40.56036,141.50125,2019/06/11 18:20:34,40.05,1.2
1420,40.53895,141.55792,2019/06/11 18:50:34,41.31,1.1
1421,40.61948,141.55003,2019/06/11 19:20:33,38.96,0.9
1422,40.73173,141.5244,2019/06/11 19:50:33,41.21,1.1
1423,40.85528,141.42133,2019/06/11 20:20:33,40.39,3.8
1424,40.9289,141.4005,2019/06/11 20:50:33,43.96,2.0
1425,40.92547,141.39861,2019/06/11 21:20:33,43.94,1.6
1426,40.92651,141.40498,2019/06/11 21:50:33,42.09,1.5
1427,40.93018,141.40093,2019/06/11 22:20:33,32.72,2.3
1428,40.92716,141.40439,2019/06/11 22:50:34,35.9,3.8
1429,40.92614,141.40532,2019/06/11 23:20:36,35.68,1.8
1430,40.92696,141.40459,2019/06/11 23:50:33,39.39,1.1
1431,40.92608,141.40545,2019/06/12 00:20:33,37.52,1.8
1432,40.92702,141.40453,2019/06/12 00:50:33,35.26,1.8
1433,40.93001,141.40113,2019/06/12 01:20:33,35.92,1.5
1434,40.92607,141.39949,2019/06/12 01:50:35,38.75,2.1
1435,40.91997,141.41437,2019/06/12 02:20:32,32.56,1.4
1436,40.92306,141.41064,2019/06/12 02:50:34,34.25,1.3
1437,40.92765,141.40372,2019/06/12 03:20:32,38.74,1.4
1438,40.9299,141.40127,2019/06/12 03:50:39,29.96,5.1
1439,40.92989,141.40135,2019/06/12 04:20:32,30.75,2.0
1440,40.92418,141.39172,2019/06/12 04:50:32,37.44,1.0
1441,40.92729,141.40411,2019/06/12 05:20:32,38.49,1.2
1442,40.92265,141.41149,2019/06/12 05:50:32,38.68,1.4
1443,40.89458,141.413,2019/06/12 06:20:32,45.59,1.2
1444,40.92718,141.40428,2019/06/12 06:50:32,39.25,1.2
1445,40.92718,141.40435,2019/06/12 07:20:32,39.79,2.9
1446,40.92705,141.40431,2019/06/12 07:50:38,40.19,2.5
1447,40.92546,141.40618,2019/06/12 08:20:38,40.2,7.1
1448,40.92729,141.40422,2019/06/12 08:50:32,37.75,2.5
1449,40.92727,141.40422,2019/06/12 09:20:33,38.49,1.3
1450,40.92308,141.41372,2019/06/12 09:50:31,33.33,1.2
1451,40.91549,141.43181,2019/06/12 10:20:31,46.54,0.9
1452,40.9191,141.44346,2019/06/12 10:50:31,39.9,1.4
1453,40.91777,141.44583,2019/06/12 11:20:31,34.56,1.0
1454,40.91525,141.44456,2019/06/12 11:50:31,37.07,3.4
1455,40.91272,141.4462,2019/06/12 12:20:31,36.11,1.2
1456,40.91041,141.44775,2019/06/12 12:50:31,33.27,1.3
1457,40.90785,141.45026,2019/06/12 13:20:31,33.6,2.5
1458,40.90592,141.45223,2019/06/12 13:50:32,35.42,2.8
1459,40.90327,141.45469,2019/06/12 14:20:31,34.62,1.3
1460,40.90012,141.4582,2019/06/12 14:50:34,35.39,1.2
1461,40.89757,141.45783,2019/06/12 15:20:32,33.54,1.3
1462,40.89468,141.46119,2019/06/12 15:50:36,34.07,4.8
1463,40.89103,141.46529,2019/06/12 16:20:32,35.2,1.0
1464,40.8875,141.46952,2019/06/12 16:50:31,33.6,1.1
1465,40.88452,141.47201,2019/06/12 17:20:30,34.48,1.2
1466,40.88083,141.47519,2019/06/12 17:50:30,35.99,1.2
1467,40.87616,141.47733,2019/06/12 18:20:30,35.19,1.0
1468,40.94019,141.49382,2019/06/12 18:50:30,46.51,1.7
1469,41.00204,141.53603,2019/06/12 19:20:31,46.96,1.2
1470,40.97099,141.50796,2019/06/12 19:50:31,42.16,1.7
1471,40.96873,141.50556,2019/06/12 20:20:30,32.0,1.0
1472,40.92713,141.40437,2019/06/12 20:50:30,39.09,1.4
1473,40.9264,141.40515,2019/06/12 21:20:30,39.65,1.3
1474,40.92729,141.40409,2019/06/12 21:50:31,39.07,2.0
1475,40.92684,141.40474,2019/06/12 22:20:30,38.88,3.4
1476,40.89159,141.4175,2019/06/12 22:50:30,45.21,1.0
1477,40.731,141.45112,2019/06/12 23:20:30,41.86,1.4
1478,40.60327,141.46236,2019/06/12 23:50:30,37.14,1.4
1479,40.53897,141.5579,2019/06/13 00:20:29,43.92,1.5
1480,40.53895,141.55796,2019/06/13 00:50:29,42.34,1.1
1481,40.53894,141.55793,2019/06/13 01:20:29,40.4,1.3
1482,40.53899,141.55795,2019/06/13 01:50:29,37.71,1.4
1483,40.53899,141.55799,2019/06/13 02:20:29,38.52,1.2
1484,40.54327,141.51293,2019/06/13 02:50:29,40.04,1.2
1485,40.54433,141.51178,2019/06/13 03:20:30,39.48,1.9
1486,40.53594,141.53909,2019/06/13 03:50:29,35.96,1.3
1487,40.53893,141.55788,2019/06/13 04:20:29,44.17,1.9
1488,40.53755,141.55777,2019/06/13 04:50:29,37.82,2.7
1489,40.5374,141.55727,2019/06/13 05:20:29,37.79,1.5
1490,40.53889,141.55793,2019/06/13 05:50:30,38.55,3.2
1491,40.53889,141.55793,2019/06/13 06:20:29,35.87,1.6
1492,40.54792,141.51524,2019/06/13 06:50:29,37.27,1.8
1493,40.54428,141.5116,2019/06/13 07:20:29,36.77,1.2
1494,40.54428,141.51157,2019/06/13 07:50:30,37.57,2.2
1495,40.54427,141.51152,2019/06/13 08:20:30,33.62,2.8
1496,40.5443,141.51155,2019/06/13 08:50:28,38.92,0.9
1497,40.54426,141.51217,2019/06/13 09:20:28,37.98,1.6
1498,40.54426,141.51222,2019/06/13 09:50:28,38.8,1.5
1499,40.56012,141.50164,2019/06/13 10:20:28,39.44,1.7
1500,40.56009,141.5017,2019/06/13 10:50:28,37.0,1.2
1501,40.56009,141.50173,2019/06/13 11:20:28,40.16,1.3
1502,40.5602,141.50139,2019/06/13 11:50:28,34.17,1.5
1503,40.56051,141.50102,2019/06/13 12:20:28,36.0,2.5
1504,40.56048,141.50097,2019/06/13 12:50:28,37.03,1.4
1505,40.56051,141.50097,2019/06/13 13:20:28,42.7,1.5
1506,40.56052,141.50092,2019/06/13 13:50:28,39.96,1.3
1507,40.56046,141.50104,2019/06/13 14:20:28,34.23,1.0
1508,40.56046,141.50093,2019/06/13 14:50:28,33.83,1.3
1509,40.56048,141.50102,2019/06/13 15:20:29,39.55,1.3
1510,40.56048,141.50094,2019/06/13 15:50:27,37.5,1.0
1511,40.56044,141.50095,2019/06/13 16:20:28,37.45,1.4
1512,40.57715,141.51786,2019/06/13 16:50:27,36.82,1.3
1513,40.57913,141.51853,2019/06/13 17:20:27,35.55,1.1
1514,40.58078,141.51924,2019/06/13 17:50:27,37.76,1.1
1515,40.62474,141.51034,2019/06/13 18:20:27,33.16,1.3
1516,40.73673,141.47484,2019/06/13 18:50:27,44.31,1.5
1517,40.82517,141.49375,2019/06/13 19:20:27,96.93,12.2
1518,40.91704,141.57396,2019/06/13 19:50:28,49.51,1.1
1519,40.90277,141.56701,2019/06/13 20:20:27,36.8,3.5
1520,40.89524,141.54983,2019/06/13 20:50:27,46.78,1.0
1521,40.85466,141.56572,2019/06/13 21:20:28,33.3,2.7
1522,40.8597,141.53965,2019/06/13 21:50:30,42.53,3.0
1523,40.8707,141.54229,2019/06/13 22:20:27,35.99,1.0
1524,40.86641,141.54659,2019/06/13 22:50:28,31.48,2.4
1525,40.82176,141.54019,2019/06/13 23:20:27,35.98,2.7
1526,40.82551,141.61637,2019/06/13 23:50:32,37.78,3.7
1527,40.8203,141.60478,2019/06/14 00:20:27,47.88,1.4
1528,40.81881,141.60522,2019/06/14 00:50:26,36.36,3.7
1529,40.82259,141.58925,2019/06/14 01:20:26,32.57,1.2
1530,40.83314,141.59171,2019/06/14 01:50:26,35.14,1.3
1531,40.83805,141.60413,2019/06/14 02:20:26,35.88,1.4
1532,40.86078,141.63874,2019/06/14 02:50:26,32.31,2.6
1533,40.87122,141.63772,2019/06/14 03:20:26,30.93,1.6
1534,40.86821,141.64127,2019/06/14 03:50:26,35.69,0.9
1535,40.86735,141.64182,2019/06/14 04:20:26,31.18,1.5
1536,40.85491,141.65968,2019/06/14 04:50:26,31.25,1.0
1537,40.85842,141.64697,2019/06/14 05:20:26,33.87,1.0
1538,40.81956,141.62783,2019/06/14 05:50:26,34.25,1.5
1539,40.66315,141.53036,2019/06/14 06:20:26,36.27,2.1
1540,40.55997,141.50188,2019/06/14 06:50:25,40.61,1.2
1541,40.54531,141.52977,2019/06/14 07:20:25,57.6,2.1
1542,40.53899,141.55798,2019/06/14 07:50:25,34.78,2.1
1543,40.54932,141.54593,2019/06/14 08:20:25,42.51,14.1
1544,40.54924,141.54604,2019/06/14 08:50:25,40.93,1.6
1545,40.5493,141.54602,2019/06/14 09:20:25,42.1,1.4
1546,40.5493,141.54607,2019/06/14 09:50:26,45.04,1.8
1547,40.54924,141.5461,2019/06/14 10:20:25,37.26,2.7
1548,40.54926,141.54609,2019/06/14 10:50:25,39.77,1.0
1549,40.54903,141.54623,2019/06/14 11:20:25,44.98,2.0
1550,40.53892,141.55799,2019/06/14 11:50:25,38.72,1.1
1551,40.5493,141.54618,2019/06/14 12:20:25,43.63,1.4
1552,40.54932,141.54619,2019/06/14 12:50:25,36.26,1.3
1553,40.54928,141.54614,2019/06/14 13:20:25,38.41,1.4
1554,40.54928,141.54619,2019/06/14 13:50:24,45.12,1.0
1555,40.54927,141.54612,2019/06/14 14:20:24,42.6,1.8
1556,40.54928,141.54623,2019/06/14 14:50:25,39.54,2.8
1557,40.54929,141.54633,2019/06/14 15:20:24,40.71,1.5
1558,40.54925,141.54636,2019/06/14 15:50:24,37.6,1.4
1559,40.54926,141.5463,2019/06/14 16:20:24,34.36,1.0
1560,40.54924,141.54635,2019/06/14 16:50:24,38.03,2.3
1561,40.54928,141.54634,2019/06/14 17:20:24,39.07,2.2
1562,40.54928,141.54635,2019/06/14 17:50:24,41.79,2.2
1563,40.54924,141.54631,2019/06/14 18:20:24,41.51,1.6
1564,40.53895,141.55798,2019/06/14 18:50:24,43.32,1.2
1565,40.53894,141.55793,2019/06/14 19:20:24,43.57,2.0
1566,40.53898,141.55799,2019/06/14 19:50:27,43.47,6.8
1567,40.69838,141.57211,2019/06/14 20:20:24,44.48,3.0
1568,40.84123,141.60018,2019/06/14 20:50:24,31.28,1.4
1569,40.85486,141.6074,2019/06/14 21:20:25,47.08,1.4
1570,40.89357,141.46898,2019/06/14 21:50:23,49.54,0.9
1571,40.9151,141.41159,2019/06/14 22:20:24,32.21,1.1
1572,40.91398,141.41089,2019/06/14 22:50:24,32.75,2.2
1573,40.93047,141.40091,2019/06/14 23:20:23,33.87,1.1
1574,40.92968,141.40154,2019/06/14 23:50:23,42.11,1.2
1575,40.92967,141.40153,2019/06/15 00:20:23,39.02,1.4
1576,40.9298,141.40147,2019/06/15 00:50:23,37.08,1.6
1577,40.93036,141.40085,2019/06/15 01:20:23,37.73,2.2
1578,40.92963,141.40165,2019/06/15 01:50:27,35.47,1.7
1579,40.92873,141.40294,2019/06/15 02:20:23,39.68,1.1
1580,40.92849,141.40327,2019/06/15 02:50:23,36.56,1.8
1581,40.92933,141.40197,2019/06/15 03:20:23,39.11,1.2
1582,40.93077,141.40083,2019/06/15 03:50:29,38.6,2.6
1583,40.92907,141.40238,2019/06/15 04:20:22,41.4,2.4
1584,40.92909,141.40258,2019/06/15 04:50:22,40.91,1.1
1585,40.88218,141.40154,2019/06/15 05:20:22,36.62,1.7
1586,40.78739,141.41164,2019/06/15 05:50:22,32.15,4.8
1587,40.67302,141.43813,2019/06/15 06:20:22,38.9,2.6
1588,40.6038,141.46352,2019/06/15 06:50:22,42.94,1.1
1589,40.56082,141.50048,2019/06/15 07:20:22,42.87,2.5
1590,40.56079,141.50069,2019/06/15 07:50:28,47.67,3.2
1591,40.56073,141.50067,2019/06/15 08:20:22,28.17,1.0
1592,40.56069,141.50073,2019/06/15 08:50:23,41.97,1.0
1593,40.56073,141.50056,2019/06/15 09:20:22,40.06,1.2
1594,40.56071,141.50065,2019/06/15 09:50:22,39.41,1.2
1595,40.56071,141.5012,2019/06/15 10:20:22,39.49,1.5
1596,40.56066,141.50132,2019/06/15 10:50:22,39.32,1.5
1597,40.56057,141.50141,2019/06/15 11:20:22,43.09,0.9
1598,40.56058,141.50147,2019/06/15 11:50:22,43.68,2.1
1599,40.56056,141.50142,2019/06/15 12:20:21,43.33,1.1
1600,40.56053,141.50146,2019/06/15 12:50:22,36.6,1.4
1601,40.56058,141.5014,2019/06/15 13:20:21,40.57,1.3
1602,40.56056,141.50149,2019/06/15 13:50:21,38.72,1.4
1603,40.56053,141.50144,2019/06/15 14:20:21,42.59,1.0
1604,40.56055,141.50149,2019/06/15 14:50:21,39.76,1.5
1605,40.56054,141.50142,2019/06/15 15:20:21,42.07,1.3
1606,40.56053,141.50148,2019/06/15 15:50:21,40.2,1.0
1607,40.53895,141.55795,2019/06/15 16:20:21,42.76,2.7
1608,40.53895,141.55793,2019/06/15 16:50:22,42.71,2.7
1609,40.53721,141.5458,2019/06/15 17:20:21,41.89,1.4
1610,40.53728,141.54585,2019/06/15 17:50:22,44.51,1.5
1611,40.53727,141.54589,2019/06/15 18:20:22,41.91,1.3
1612,40.53728,141.5459,2019/06/15 18:50:20,41.05,1.5
1613,40.5375,141.5566,2019/06/15 19:20:20,39.55,1.0
1614,40.53889,141.55789,2019/06/15 19:50:24,39.45,3.3
1615,40.53892,141.55792,2019/06/15 20:20:20,42.22,2.3
1616,40.53899,141.558,2019/06/15 20:50:24,43.24,1.5
1617,40.541,141.5,2019/06/15 21:20:23,40.64,2.2
1618,40.56754,141.49111,2019/06/15 21:50:20,55.76,1.0
1619,40.60333,141.46374,2019/06/15 22:20:20,40.68,1.2
1620,40.65887,141.44122,2019/06/15 22:50:20,40.45,1.1
1621,40.68468,141.43659,2019/06/15 23:20:20,40.75,1.0
1622,40.73089,141.41951,2019/06/15 23:50:21,50.37,1.5
1623,40.82996,141.41494,2019/06/16 00:20:25,32.87,2.9
1624,40.92572,141.39896,2019/06/16 00:50:20,37.94,1.3
1625,40.92575,141.39907,2019/06/16 01:20:19,38.35,1.9
1626,40.93072,141.40085,2019/06/16 01:50:19,33.94,1.8
1627,40.92565,141.39907,2019/06/16 02:20:19,35.79,1.3
1628,40.92847,141.40119,2019/06/16 02:50:20,40.4,1.2
1629,40.92579,141.39909,2019/06/16 03:20:19,36.89,1.4
1630,40.92579,141.3991,2019/06/16 03:50:20,35.69,1.2
1631,40.92309,141.40933,2019/06/16 04:20:20,36.48,1.2
1632,40.92588,141.39932,2019/06/16 04:50:19,38.87,1.5
1633,40.9268,141.39206,2019/06/16 05:20:19,39.65,1.1
1634,40.93122,141.38344,2019/06/16 05:50:19,37.89,1.8
1635,40.93124,141.38307,2019/06/16 06:20:20,37.61,1.8
1636,40.93125,141.38312,2019/06/16 06:50:20,40.79,1.1
1637,40.92598,141.39945,2019/06/16 07:20:21,38.84,2.8
1638,40.9258,141.39912,2019/06/16 07:50:19,40.7,1.2
1639,40.9258,141.39916,2019/06/16 08:20:19,40.26,1.6
1640,40.92576,141.3991,2019/06/16 08:50:18,35.3,2.0
1641,40.92578,141.39911,2019/06/16 09:20:18,40.39,1.3
1642,40.92579,141.39908,2019/06/16 09:50:18,37.99,1.2
1643,40.92177,141.4204,2019/06/16 10:20:18,30.52,1.2
1644,40.92104,141.42292,2019/06/16 10:50:18,34.09,1.5
1645,40.92023,141.42628,2019/06/16 11:20:18,37.13,0.9
1646,40.91998,141.42983,2019/06/16 11:50:18,36.2,1.3
1647,40.91918,141.43402,2019/06/16 12:20:18,35.17,1.2
1648,40.91801,141.4388,2019/06/16 12:50:19,38.07,1.4
1649,40.91838,141.43185,2019/06/16 13:20:18,37.62,4.5
1650,40.91611,141.43726,2019/06/16 13:50:18,32.71,1.6
1651,40.9133,141.44238,2019/06/16 14:20:18,34.93,1.0
1652,40.91,141.44814,2019/06/16 14:50:24,35.69,1.2
1653,40.90648,141.4533,2019/06/16 15:20:19,37.11,1.3
1654,40.91342,141.44285,2019/06/16 15:50:23,35.83,1.5
1655,40.90846,141.44854,2019/06/16 16:20:17,36.26,1.0
1656,40.90334,141.45504,2019/06/16 16:50:17,33.92,1.2
1657,40.89914,141.46122,2019/06/16 17:20:17,36.83,1.4
1658,40.89296,141.46884,2019/06/16 17:50:17,34.71,1.3
1659,40.88509,141.4771,2019/06/16 18:20:17,33.4,1.4
1660,40.90852,141.47787,2019/06/16 18:50:18,45.05,1.0
1661,40.91838,141.48211,2019/06/16 19:20:18,38.86,0.9
1662,40.92548,141.39849,2019/06/16 19:50:18,42.15,4.4
1663,40.92987,141.40107,2019/06/16 20:20:17,37.6,1.7
1664,40.93073,141.40095,2019/06/16 20:50:17,43.56,2.4
1665,40.93498,141.40113,2019/06/16 21:20:17,53.41,1.4
1666,40.92933,141.40193,2019/06/16 21:50:18,38.76,1.6
1667,40.9302,141.40099,2019/06/16 22:20:17,37.43,1.4
1668,40.92727,141.40455,2019/06/16 22:50:16,39.5,1.0
1669,40.92982,141.40138,2019/06/16 23:20:16,38.5,1.0
1670,40.92415,141.39311,2019/06/16 23:50:17,37.14,1.1
1671,40.93006,141.40118,2019/06/17 00:20:17,58.81,1.4
1672,40.93023,141.40095,2019/06/17 00:50:17,30.69,1.6
1673,40.92922,141.40195,2019/06/17 01:20:16,41.19,2.0
1674,40.79593,141.42758,2019/06/17 01:50:18,43.37,1.5
1675,40.62,141.45696,2019/06/17 02:20:18,50.99,1.1
1676,40.60233,141.46257,2019/06/17 02:50:16,36.96,1.2
1677,40.56905,141.49074,2019/06/17 03:20:17,58.14,1.7
1678,40.56421,141.49058,2019/06/17 03:50:16,34.68,1.2
1679,40.56426,141.49062,2019/06/17 04:20:16,39.58,1.1
1680,40.56422,141.49068,2019/06/17 04:50:16,37.31,1.0
1681,40.56423,141.49069,2019/06/17 05:20:16,36.56,1.1
1682,40.56423,141.49069,2019/06/17 05:50:16,35.69,2.2
1683,40.53895,141.55792,2019/06/17 06:20:16,39.9,1.7
1684,40.53891,141.558,2019/06/17 06:50:15,42.54,3.1
1685,40.53895,141.55795,2019/06/17 07:20:15,39.27,1.1
1686,40.53913,141.55692,2019/06/17 07:50:15,33.64,2.2
1687,40.54044,141.51771,2019/06/17 08:20:15,35.99,2.0
1688,40.55995,141.50187,2019/06/17 08:50:15,33.05,1.6
1689,40.5602,141.50156,2019/06/17 09:20:15,35.89,1.3
1690,40.56023,141.50145,2019/06/17 09:50:15,39.03,1.1
1691,40.56023,141.50148,2019/06/17 10:20:15,38.69,1.1
1692,40.56025,141.50141,2019/06/17 10:50:15,41.33,1.2
1693,40.56025,141.50148,2019/06/17 11:20:15,40.05,1.1
1694,40.56034,141.50145,2019/06/17 11:50:15,63.8,1.7
1695,40.56024,141.50147,2019/06/17 12:20:15,38.03,1.3
1696,40.56022,141.50144,2019/06/17 12:50:15,38.52,1.1
1697,40.56025,141.50149,2019/06/17 13:20:16,36.59,1.3
1698,40.56023,141.50144,2019/06/17 13:50:15,35.82,1.1
1699,40.56021,141.50141,2019/06/17 14:20:14,33.66,1.2
1700,40.5602,141.50141,2019/06/17 14:50:16,37.32,2.0
1701,40.56023,141.50137,2019/06/17 15:20:21,37.32,3.0
1702,40.56027,141.50153,2019/06/17 15:50:14,38.95,1.4
1703,40.56025,141.50147,2019/06/17 16:20:14,39.21,1.1
1704,40.53965,141.55908,2019/06/17 16:50:15,37.13,2.2
1705,40.53962,141.55742,2019/06/17 17:20:14,55.65,2.0
1706,40.5435,141.56069,2019/06/17 17:50:14,43.69,1.0
1707,40.58552,141.57092,2019/06/17 18:20:15,33.6,1.3
1708,40.7118,141.5762,2019/06/17 18:50:15,34.42,1.2
1709,40.57542,141.50835,2019/06/17 19:20:14,42.51,1.0
1710,40.55786,141.52605,2019/06/17 19:50:14,45.49,2.1
1711,40.55753,141.52566,2019/06/17 20:20:14,39.83,1.0
1712,40.53897,141.55791,2019/06/17 20:50:13,42.11,1.6
1713,40.54219,141.55418,2019/06/17 21:20:13,46.36,1.5
1714,40.54971,141.54928,2019/06/17 21:50:14,43.57,4.1
1715,40.54935,141.54523,2019/06/17 22:20:14,43.49,5.5
1716,40.5503,141.54971,2019/06/17 22:50:14,37.3,1.0
1717,40.55012,141.5494,2019/06/17 23:20:13,38.53,1.7
1718,40.53897,141.5579,2019/06/17 23:50:19,37.83,1.5
1719,40.53894,141.55796,2019/06/18 00:20:13,40.82,1.1
1720,40.53897,141.55796,2019/06/18 00:50:13,40.34,1.2
1721,40.53893,141.55793,2019/06/18 01:20:13,43.43,1.6
1722,40.53869,141.55877,2019/06/18 01:50:13,43.95,2.8
1723,40.53896,141.55792,2019/06/18 02:20:13,37.02,1.5
1724,40.53894,141.55794,2019/06/18 02:50:12,39.61,1.6
