,image_id,bbox,score,category_id
0,NN,NN,NN,NN
1,230514_2-2-0.tif,"[4668.2471923828125, 9161.196044921875, 86.38998413085938, 87.90509033203125]",0.7603197693824768,0
2,230514_2-2-0.tif,"[2918.2659606933594, 8880.399627685547, 51.976318359375, 84.47549438476562]",0.7411424517631531,0
3,230514_2-2-0.tif,"[5571.645935058594, 6560.343048095703, 64.77685546875, 76.9803466796875]",0.7190150022506714,0
4,230514_2-2-0.tif,"[5768.870574951172, 3569.3637084960938, 102.91140747070312, 54.614501953125]",0.6899638175964355,0
5,230514_2-2-0.tif,"[6219.10969543457, 8830.038459777832, 44.123321533203125, 80.01268768310547]",0.6879138946533203,0
6,230514_2-2-0.tif,"[8934.712951660156, 8143.364807128906, 95.94183349609375, 59.2833251953125]",0.6829289197921753,0
7,230514_2-2-0.tif,"[9750.525817871094, 5138.712661743164, 64.3416748046875, 104.80313110351562]",0.6769779920578003,0
8,230514_2-2-0.tif,"[3659.3424530029297, 6575.500915527344, 54.749481201171875, 83.98583984375]",0.6751781105995178,0
9,230514_2-2-0.tif,"[5676.310791015625, 4862.6080322265625, 55.4697265625, 92.8687744140625]",0.6416068077087402,0
10,230514_2-2-0.tif,"[9917.726806640625, 6826.7027587890625, 56.46240234375, 99.0069580078125]",0.6141790747642517,0
11,230514_2-2-0.tif,"[9594.04946899414, 9637.099792480469, 51.033172607421875, 131.2464599609375]",0.5644350051879883,0
12,230514_2-2-0.tif,"[3806.931640625, 4180.165191650391, 55.681976318359375, 128.1627197265625]",0.48870912194252014,0
13,230514_2-2-0.tif,"[4018.5577392578125, 6502.95361328125, 73.646240234375, 64.432861328125]",0.48641419410705566,0
14,230514_2-2-0.tif,"[4052.0018920898438, 5126.2740478515625, 68.6590576171875, 68.3330078125]",0.43682894110679626,0
15,230514_2-2-0.tif,"[3904.6228942871094, 6578.907775878906, 45.1724853515625, 67.0302734375]",0.41290992498397827,0
16,230514_2-2-0.tif,"[859.588134765625, 8264.810287475586, 69.1361083984375, 79.28752136230469]",0.37169384956359863,0
17,230514_2-2-0.tif,"[7417.58430480957, 8231.441162109375, 55.36412048339844, 85.1279296875]",0.28756028413772583,0
18,230514_2-2-0.tif,"[322.4809265136719, 6898.005523681641, 69.4537353515625, 62.7603759765625]",0.2667037844657898,0
19,230514_2-2-0.tif,"[7098.879791259766, 8187.700469970703, 24.2349853515625, 34.578277587890625]",0.8272960186004639,1
20,230514_2-2-0.tif,"[2640.984375, 7389.993835449219, 23.31787109375, 31.62646484375]",0.8156664967536926,1
21,230514_2-2-0.tif,"[7928.81640625, 9789.539184570312, 27.99908447265625, 25.1947021484375]",0.814536452293396,1
22,230514_2-2-0.tif,"[7535.07666015625, 9534.691223144531, 31.033935546875, 22.2373046875]",0.814024806022644,1
23,230514_2-2-0.tif,"[7978.7900390625, 9871.932647705078, 29.39044189453125, 28.838592529296875]",0.8120585680007935,1
24,230514_2-2-0.tif,"[7496.0433349609375, 9219.114501953125, 35.38214111328125, 20.64766502380371]",0.8113768696784973,1
25,230514_2-2-0.tif,"[7805.693832397461, 8809.302978515625, 27.3836669921875, 21.694198608398438]",0.8094700574874878,1
26,230514_2-2-0.tif,"[8192.41826057434, 9624.477783203125, 29.66950798034668, 27.845855712890625]",0.8089814186096191,1
27,230514_2-2-0.tif,"[7442.933319091797, 8941.816375732422, 30.7542724609375, 24.9921875]",0.8081278800964355,1
28,230514_2-2-0.tif,"[9450.652420043945, 9426.719299316406, 18.1846923828125, 32.986083984375]",0.807452380657196,1
29,230514_2-2-0.tif,"[7860.352157592773, 9688.993713378906, 25.178375244140625, 28.212890625]",0.8064173460006714,1
30,230514_2-2-0.tif,"[8297.056518554688, 9338.00048828125, 38.68522644042969, 30.184531211853027]",0.8063316345214844,1
31,230514_2-2-0.tif,"[6371.361328125, 9098.426971435547, 18.70196533203125, 32.83770751953125]",0.8054270148277283,1
32,230514_2-2-0.tif,"[3105.9569702148438, 8039.016540527344, 26.803146362304688, 26.71856689453125]",0.8046197891235352,1
33,230514_2-2-0.tif,"[3544.0008544921875, 7764.982666015625, 38.56158447265625, 17.675048828125]",0.8045330047607422,1
34,230514_2-2-0.tif,"[8241.2607421875, 9913.610473632812, 31.0966796875, 23.65911865234375]",0.804360032081604,1
35,230514_2-2-0.tif,"[3435.749267578125, 7252.98551940918, 34.60980224609375, 20.010040283203125]",0.8036316633224487,1
36,230514_2-2-0.tif,"[9327.972290039062, 9482.48078918457, 18.293441772460938, 37.772796630859375]",0.8035022616386414,1
37,230514_2-2-0.tif,"[2721.5370178222656, 8222.294128417969, 36.64617919921875, 25.0970458984375]",0.8020370602607727,1
38,230514_2-2-0.tif,"[8599.245056152344, 9324.951843261719, 31.2666015625, 19.187103271484375]",0.800994873046875,1
39,230514_2-2-0.tif,"[2317.477294921875, 7998.685241699219, 27.6612548828125, 26.6414794921875]",0.8006064891815186,1
40,230514_2-2-0.tif,"[7758.279541015625, 8788.454284667969, 27.198486328125, 29.19525146484375]",0.7999935746192932,1
41,230514_2-2-0.tif,"[1683.1102600097656, 9305.663879394531, 28.8150634765625, 26.91412353515625]",0.7999910116195679,1
42,230514_2-2-0.tif,"[8217.656620025635, 9727.771850585938, 21.43521499633789, 36.2637939453125]",0.7988402843475342,1
43,230514_2-2-0.tif,"[9068.49087524414, 9182.585693359375, 18.4625244140625, 34.819091796875]",0.7980279922485352,1
44,230514_2-2-0.tif,"[8006.258483886719, 9748.685791015625, 23.637451171875, 30.776611328125]",0.7970986366271973,1
45,230514_2-2-0.tif,"[8633.883850097656, 8925.258087158203, 26.21337890625, 25.2928466796875]",0.7957460284233093,1
46,230514_2-2-0.tif,"[1416.6875610351562, 9234.51517868042, 36.07275390625, 16.95132827758789]",0.7948801517486572,1
47,230514_2-2-0.tif,"[6978.106140136719, 9122.504150390625, 37.95947265625, 17.7757568359375]",0.7945070266723633,1
48,230514_2-2-0.tif,"[3073.86669921875, 7796.1427001953125, 38.7998046875, 19.131210327148438]",0.7929052710533142,1
49,230514_2-2-0.tif,"[8122.840637207031, 9343.060325622559, 29.853179931640625, 23.51296043395996]",0.7926878333091736,1
50,230514_2-2-0.tif,"[6381.133514404297, 8606.358917236328, 37.646484375, 22.8499755859375]",0.7908468842506409,1
51,230514_2-2-0.tif,"[9056.404876708984, 9639.12255859375, 34.625274658203125, 20.85888671875]",0.7907535433769226,1
52,230514_2-2-0.tif,"[6764.96923828125, 9456.718658447266, 17.258544921875, 34.4931640625]",0.7898330092430115,1
53,230514_2-2-0.tif,"[7665.974792480469, 9321.169845581055, 28.778017044067383, 23.3594970703125]",0.789726197719574,1
54,230514_2-2-0.tif,"[8443.258361816406, 9640.347106933594, 30.0904541015625, 22.26837158203125]",0.7895340323448181,1
55,230514_2-2-0.tif,"[7726.627349853516, 9355.021514892578, 38.783782958984375, 18.998805046081543]",0.7894785404205322,1
56,230514_2-2-0.tif,"[7437.1915283203125, 9370.508682250977, 36.6507568359375, 19.283477783203125]",0.7890056371688843,1
57,230514_2-2-0.tif,"[8980.947387695312, 9591.694061279297, 28.16094970703125, 26.319549560546875]",0.7874464988708496,1
58,230514_2-2-0.tif,"[2771.5580444335938, 7389.176528930664, 27.62677001953125, 26.013427734375]",0.7862733602523804,1
59,230514_2-2-0.tif,"[1513.5611572265625, 7467.6357421875, 38.59414863586426, 21.9583740234375]",0.7859475016593933,1
60,230514_2-2-0.tif,"[7488.335174560547, 8947.784729003906, 37.62811279296875, 19.96673583984375]",0.7846348881721497,1
61,230514_2-2-0.tif,"[7794.31298828125, 9890.807495117188, 32.7845458984375, 18.45166015625]",0.7845808863639832,1
62,230514_2-2-0.tif,"[1112.234130859375, 7834.865539550781, 37.84474182128906, 21.68878173828125]",0.7808043956756592,1
63,230514_2-2-0.tif,"[9066.909484863281, 7332.555572509766, 36.491455078125, 19.9442138671875]",0.7804125547409058,1
64,230514_2-2-0.tif,"[7147.14990234375, 8695.371704101562, 29.8609676361084, 24.41487979888916]",0.7803811430931091,1
65,230514_2-2-0.tif,"[9398.38803100586, 9431.624481201172, 18.67926025390625, 35.59007263183594]",0.7799975275993347,1
66,230514_2-2-0.tif,"[9771.650939941406, 9175.606994628906, 34.164794921875, 17.5206298828125]",0.7788774371147156,1
67,230514_2-2-0.tif,"[7558.322723388672, 8500.55239868164, 17.72998046875, 31.69354248046875]",0.7777284383773804,1
68,230514_2-2-0.tif,"[6614.0982666015625, 9594.34536743164, 18.2177734375, 34.363067626953125]",0.7760348916053772,1
69,230514_2-2-0.tif,"[3019.7183227539062, 7367.742218017578, 33.425537109375, 20.982635498046875]",0.7758721113204956,1
70,230514_2-2-0.tif,"[2042.66748046875, 8005.992614746094, 32.181846618652344, 21.23516845703125]",0.7753356099128723,1
71,230514_2-2-0.tif,"[6699.970756530762, 9858.353332519531, 32.67131805419922, 20.6044921875]",0.7740234136581421,1
72,230514_2-2-0.tif,"[7409.867370605469, 8539.822265625, 35.33856201171875, 19.08551025390625]",0.7736615538597107,1
73,230514_2-2-0.tif,"[9964.710144042969, 9565.978759765625, 19.28857421875, 35.8157958984375]",0.7724810242652893,1
74,230514_2-2-0.tif,"[2345.5733642578125, 9411.024505615234, 29.12506103515625, 26.599319458007812]",0.7721990346908569,1
75,230514_2-2-0.tif,"[7875.027038574219, 9363.085054397583, 32.72747802734375, 22.832290649414062]",0.7698426842689514,1
76,230514_2-2-0.tif,"[8219.381942749023, 9000.106170654297, 23.18647003173828, 30.43719482421875]",0.7691549062728882,1
77,230514_2-2-0.tif,"[7828.641937255859, 9776.811462402344, 18.34332275390625, 35.1025390625]",0.7686482667922974,1
78,230514_2-2-0.tif,"[7669.1038818359375, 8601.145385742188, 39.820688247680664, 19.95770263671875]",0.7685354351997375,1
79,230514_2-2-0.tif,"[6841.026031494141, 9873.771484375, 19.391571044921875, 32.458251953125]",0.7683742046356201,1
80,230514_2-2-0.tif,"[2257.7693481445312, 7589.0926513671875, 31.989227294921875, 22.647705078125]",0.7679367065429688,1
81,230514_2-2-0.tif,"[2917.9552307128906, 7937.607849121094, 17.7298583984375, 35.8304443359375]",0.767612636089325,1
82,230514_2-2-0.tif,"[7762.867431640625, 9478.258819580078, 21.66156005859375, 30.589874267578125]",0.7674601674079895,1
83,230514_2-2-0.tif,"[8027.1881103515625, 8611.447937011719, 33.21246337890625, 18.008056640625]",0.7668268084526062,1
84,230514_2-2-0.tif,"[4521.5191650390625, 5459.585113525391, 37.2823486328125, 19.50018310546875]",0.7662917375564575,1
85,230514_2-2-0.tif,"[2136.532455444336, 8047.131408691406, 24.027969360351562, 29.8353271484375]",0.7644826769828796,1
86,230514_2-2-0.tif,"[9230.405883789062, 8793.550537109375, 17.969322204589844, 34.515716552734375]",0.7643729448318481,1
87,230514_2-2-0.tif,"[2396.466796875, 7523.773986816406, 37.990478515625, 20.1263427734375]",0.7643114924430847,1
88,230514_2-2-0.tif,"[7403.584564208984, 8735.911987304688, 26.96148681640625, 21.735061645507812]",0.7641417980194092,1
89,230514_2-2-0.tif,"[9816.372192382812, 7476.331878662109, 31.6927490234375, 20.41650390625]",0.7632863521575928,1
90,230514_2-2-0.tif,"[2314.3931274414062, 7334.864318847656, 36.1029052734375, 17.08319091796875]",0.7621240615844727,1
91,230514_2-2-0.tif,"[7172.1514892578125, 7725.518962860107, 24.920557022094727, 46.257022857666016]",0.7619777917861938,1
92,230514_2-2-0.tif,"[9517.559265136719, 9474.213134765625, 25.96221923828125, 29.6041259765625]",0.7616221308708191,1
93,230514_2-2-0.tif,"[2165.8759765625, 7432.105651855469, 22.562393188476562, 35.46063232421875]",0.7610411047935486,1
94,230514_2-2-0.tif,"[2002.2177124023438, 6940.83056640625, 36.5806884765625, 17.44146728515625]",0.7605615854263306,1
95,230514_2-2-0.tif,"[7211.417804718018, 8637.774444580078, 19.07390594482422, 36.4017333984375]",0.7600580453872681,1
96,230514_2-2-0.tif,"[7167.832092285156, 9269.776901245117, 35.87726593017578, 19.386795043945312]",0.7573487758636475,1
97,230514_2-2-0.tif,"[2357.0478515625, 9275.547729492188, 36.16387939453125, 17.554443359375]",0.7567412257194519,1
98,230514_2-2-0.tif,"[7472.59912109375, 9827.628936767578, 32.2159423828125, 24.478240966796875]",0.7567266225814819,1
99,230514_2-2-0.tif,"[9799.870391845703, 8370.871231079102, 35.497528076171875, 16.654556274414062]",0.7560040950775146,1
100,230514_2-2-0.tif,"[8206.615055084229, 8350.58267211914, 32.84183883666992, 25.70648193359375]",0.7556546330451965,1
101,230514_2-2-0.tif,"[2049.628761291504, 7544.5455322265625, 32.973167419433594, 23.59088134765625]",0.7548304796218872,1
102,230514_2-2-0.tif,"[708.3795318603516, 9125.947509765625, 28.46917724609375, 25.438232421875]",0.7544311881065369,1
103,230514_2-2-0.tif,"[8078.897521972656, 8701.300811767578, 35.3216552734375, 22.759992599487305]",0.753223180770874,1
104,230514_2-2-0.tif,"[9441.91683959961, 9317.991516113281, 22.73035430908203, 28.544815063476562]",0.7532185912132263,1
105,230514_2-2-0.tif,"[2120.2140502929688, 8878.911315917969, 29.34942626953125, 28.662689208984375]",0.752633810043335,1
106,230514_2-2-0.tif,"[7601.026336669922, 8057.075439453125, 37.7041015625, 18.2877197265625]",0.7521300911903381,1
107,230514_2-2-0.tif,"[8214.427032470703, 8702.966186523438, 26.874435424804688, 29.26375389099121]",0.7514633536338806,1
108,230514_2-2-0.tif,"[7351.283538818359, 9264.78872680664, 17.63067626953125, 34.34437561035156]",0.7488912343978882,1
109,230514_2-2-0.tif,"[2312.2705078125, 6249.090301513672, 31.043212890625, 27.259506225585938]",0.747437596321106,1
110,230514_2-2-0.tif,"[9513.59765625, 9953.80712890625, 30.0709228515625, 21.0284423828125]",0.7461456656455994,1
111,230514_2-2-0.tif,"[2887.8046875, 7611.730407714844, 20.43603515625, 33.889404296875]",0.7459418773651123,1
112,230514_2-2-0.tif,"[2844.7263793945312, 4663.948486328125, 41.27392578125, 20.909423828125]",0.7455402612686157,1
113,230514_2-2-0.tif,"[947.567138671875, 9862.872985839844, 32.2353515625, 18.9852294921875]",0.7449216842651367,1
114,230514_2-2-0.tif,"[2652.3400268554688, 7719.1907958984375, 33.40924072265625, 20.97119140625]",0.7443287372589111,1
115,230514_2-2-0.tif,"[9283.271850585938, 9095.173706054688, 29.046844482421875, 28.76654052734375]",0.7422179579734802,1
116,230514_2-2-0.tif,"[9505.15933227539, 4089.3623046875, 21.691009521484375, 49.47430419921875]",0.7417755722999573,1
117,230514_2-2-0.tif,"[7486.247985839844, 9013.718872070312, 37.507568359375, 38.842041015625]",0.7417007088661194,1
118,230514_2-2-0.tif,"[6650.224792480469, 9840.348449707031, 17.4993896484375, 38.26971435546875]",0.7416867613792419,1
119,230514_2-2-0.tif,"[7395.7125244140625, 8337.904815673828, 34.29400634765625, 20.649169921875]",0.7415318489074707,1
120,230514_2-2-0.tif,"[7522.90478515625, 7946.202331542969, 24.0545654296875, 33.036376953125]",0.7373331189155579,1
121,230514_2-2-0.tif,"[9013.720031738281, 9525.786727905273, 21.4815673828125, 28.631942749023438]",0.7372823357582092,1
122,230514_2-2-0.tif,"[8320.513214111328, 9955.298034667969, 33.076812744140625, 23.18701171875]",0.7368354201316833,1
123,230514_2-2-0.tif,"[3403.8375854492188, 3528.0479736328125, 40.593505859375, 22.526123046875]",0.7367998957633972,1
124,230514_2-2-0.tif,"[7071.140350341797, 9703.358093261719, 34.30841064453125, 17.13104248046875]",0.7365061044692993,1
125,230514_2-2-0.tif,"[2270.3201599121094, 7472.658142089844, 38.141693115234375, 18.8487548828125]",0.7341704964637756,1
126,230514_2-2-0.tif,"[6346.542724609375, 9711.550354003906, 35.09661865234375, 16.715087890625]",0.7336369156837463,1
127,230514_2-2-0.tif,"[1265.3016357421875, 9284.914520263672, 26.1798095703125, 31.034881591796875]",0.7330182790756226,1
128,230514_2-2-0.tif,"[2183.6862182617188, 7598.782043457031, 18.650421142578125, 31.8236083984375]",0.7320654392242432,1
129,230514_2-2-0.tif,"[7485.436828613281, 8282.237609863281, 30.5185546875, 19.56396484375]",0.7320399284362793,1
130,230514_2-2-0.tif,"[7014.7027587890625, 7582.73974609375, 37.0810546875, 18.324462890625]",0.7320388555526733,1
131,230514_2-2-0.tif,"[9969.035034179688, 7313.326690673828, 30.5965576171875, 15.839385986328125]",0.7301455736160278,1
132,230514_2-2-0.tif,"[6573.957214355469, 9379.225646972656, 37.1341552734375, 19.235416412353516]",0.729665219783783,1
133,230514_2-2-0.tif,"[9906.344055175781, 4459.122253417969, 22.064208984375, 48.26043701171875]",0.7278019189834595,1
134,230514_2-2-0.tif,"[9506.378967285156, 6083.328918457031, 24.134735107421875, 44.5118408203125]",0.7240415811538696,1
135,230514_2-2-0.tif,"[3246.9795837402344, 7289.374313354492, 37.6734619140625, 39.9766845703125]",0.7222747206687927,1
136,230514_2-2-0.tif,"[9862.04263305664, 8726.709716796875, 21.824188232421875, 28.131423950195312]",0.7214142680168152,1
137,230514_2-2-0.tif,"[7792.714859008789, 9660.226623535156, 31.100875854492188, 25.24285888671875]",0.720801830291748,1
138,230514_2-2-0.tif,"[9758.3955078125, 9021.364562988281, 30.837158203125, 24.9949951171875]",0.7200636863708496,1
139,230514_2-2-0.tif,"[3266.8314819335938, 3815.2449951171875, 27.21710205078125, 26.476043701171875]",0.7195958495140076,1
140,230514_2-2-0.tif,"[2453.236083984375, 7232.5665283203125, 37.8115234375, 22.4755859375]",0.7188443541526794,1
141,230514_2-2-0.tif,"[1810.530517578125, 8311.286926269531, 36.439544677734375, 26.369613647460938]",0.7185772061347961,1
142,230514_2-2-0.tif,"[8738.945999145508, 9927.596252441406, 18.39598846435547, 35.9881591796875]",0.7174205780029297,1
143,230514_2-2-0.tif,"[6818.7794189453125, 9259.188514709473, 35.34019470214844, 17.492698669433594]",0.7169209122657776,1
144,230514_2-2-0.tif,"[7482.165954589844, 9747.361267089844, 34.02923583984375, 36.7559814453125]",0.7163189053535461,1
145,230514_2-2-0.tif,"[2703.8450775146484, 8305.625732421875, 40.34562683105469, 18.83404541015625]",0.7144051194190979,1
146,230514_2-2-0.tif,"[1746.0287170410156, 8560.062957763672, 34.74920654296875, 16.8482666015625]",0.7139090895652771,1
147,230514_2-2-0.tif,"[6651.53076171875, 6861.473937988281, 37.7503662109375, 25.73638916015625]",0.7135637998580933,1
148,230514_2-2-0.tif,"[8840.102935791016, 9964.014831542969, 17.279144287109375, 33.8875732421875]",0.7135124206542969,1
149,230514_2-2-0.tif,"[2496.2855834960938, 6726.665283203125, 29.3603515625, 19.806396484375]",0.7126123905181885,1
150,230514_2-2-0.tif,"[4756.342315673828, 4137.2734375, 31.51446533203125, 40.220115661621094]",0.7096172571182251,1
151,230514_2-2-0.tif,"[7243.01171875, 9040.585205078125, 29.20379638671875, 28.603515625]",0.7088992595672607,1
152,230514_2-2-0.tif,"[7397.5267333984375, 9488.29296875, 17.812530517578125, 34.56439208984375]",0.7088115811347961,1
153,230514_2-2-0.tif,"[8157.2342529296875, 9479.77734375, 35.68450927734375, 19.5028076171875]",0.7086597681045532,1
154,230514_2-2-0.tif,"[7042.902496337891, 9230.132906913757, 31.66925048828125, 15.658902168273926]",0.7079519629478455,1
155,230514_2-2-0.tif,"[7854.742828369141, 9032.284454345703, 31.304168701171875, 16.8753662109375]",0.707495391368866,1
156,230514_2-2-0.tif,"[2619.322238922119, 8407.597747802734, 21.36843490600586, 41.66021728515625]",0.7074846625328064,1
157,230514_2-2-0.tif,"[6530.653625488281, 7833.733413696289, 26.51513671875, 30.9017333984375]",0.7069682478904724,1
158,230514_2-2-0.tif,"[9366.870471000671, 5976.444274902344, 31.328309059143066, 38.919921875]",0.704878032207489,1
159,230514_2-2-0.tif,"[6855.383834838867, 8307.003273010254, 20.481338500976562, 35.55352020263672]",0.7037316560745239,1
160,230514_2-2-0.tif,"[4336.800033569336, 6333.403900146484, 31.063613891601562, 40.95245361328125]",0.7036958336830139,1
161,230514_2-2-0.tif,"[9872.568115234375, 9884.525329589844, 28.952392578125, 30.44091796875]",0.7018224596977234,1
162,230514_2-2-0.tif,"[4107.548583984375, 6116.628356933594, 36.59785842895508, 44.72052001953125]",0.7013720273971558,1
163,230514_2-2-0.tif,"[9325.192077636719, 7080.887390136719, 37.889678955078125, 17.26678466796875]",0.7008621096611023,1
164,230514_2-2-0.tif,"[4515.1434326171875, 5267.398101806641, 22.81488037109375, 45.8121337890625]",0.7003499269485474,1
165,230514_2-2-0.tif,"[1234.808349609375, 8048.7637939453125, 31.52313232421875, 37.49365234375]",0.7001751661300659,1
166,230514_2-2-0.tif,"[9161.231811523438, 9235.698608398438, 17.970703125, 31.7425537109375]",0.700100302696228,1
167,230514_2-2-0.tif,"[9193.581848144531, 5657.930788040161, 47.22930908203125, 26.9614315032959]",0.7000408172607422,1
168,230514_2-2-0.tif,"[3109.3533935546875, 7944.4853515625, 22.825511932373047, 49.55340576171875]",0.6998823881149292,1
169,230514_2-2-0.tif,"[7638.429870605469, 8466.927215576172, 32.069580078125, 21.392822265625]",0.6998767256736755,1
170,230514_2-2-0.tif,"[1004.904296875, 9291.428100585938, 40.82193183898926, 27.7523193359375]",0.6987122297286987,1
171,230514_2-2-0.tif,"[8538.78060913086, 9212.776123046875, 25.85870361328125, 28.935733795166016]",0.6970474123954773,1
172,230514_2-2-0.tif,"[6757.4835205078125, 9914.375244140625, 34.8397216796875, 22.48388671875]",0.6966418623924255,1
173,230514_2-2-0.tif,"[7928.998092651367, 9541.97802734375, 18.246841430664062, 32.034515380859375]",0.6966202259063721,1
174,230514_2-2-0.tif,"[9395.79069519043, 5192.29679107666, 24.203338623046875, 37.477622985839844]",0.6961871981620789,1
175,230514_2-2-0.tif,"[7705.907638549805, 9658.782958984375, 35.016746520996094, 18.531707763671875]",0.6958891749382019,1
176,230514_2-2-0.tif,"[2434.524658203125, 6133.5384521484375, 35.3206787109375, 18.7449951171875]",0.6951084733009338,1
177,230514_2-2-0.tif,"[3759.8194580078125, 7115.306701660156, 18.693359375, 48.9708251953125]",0.694644033908844,1
178,230514_2-2-0.tif,"[8320.565063476562, 8866.604888916016, 37.27069091796875, 23.1917724609375]",0.6944401264190674,1
179,230514_2-2-0.tif,"[9629.625366210938, 9156.935333251953, 14.932647705078125, 18.7119140625]",0.6930767893791199,1
180,230514_2-2-0.tif,"[7160.658935546875, 9552.031524658203, 36.4651985168457, 34.856719970703125]",0.6918317079544067,1
181,230514_2-2-0.tif,"[7877.769348144531, 8589.162811279297, 35.8946533203125, 38.540771484375]",0.6917023658752441,1
182,230514_2-2-0.tif,"[7042.3753662109375, 8721.259128570557, 38.066650390625, 27.068668365478516]",0.6899716854095459,1
183,230514_2-2-0.tif,"[1344.3923645019531, 9131.765655517578, 32.36529541015625, 22.88134765625]",0.6892529726028442,1
184,230514_2-2-0.tif,"[4022.438720703125, 6161.6507568359375, 34.184814453125, 37.69990158081055]",0.6862802505493164,1
185,230514_2-2-0.tif,"[1760.3255310058594, 9102.666046142578, 32.7166748046875, 17.74267578125]",0.6860950589179993,1
186,230514_2-2-0.tif,"[4091.75927734375, 3827.366973876953, 45.3934326171875, 23.01220703125]",0.6856958866119385,1
187,230514_2-2-0.tif,"[6356.051818847656, 9919.830810546875, 32.85614013671875, 15.146240234375]",0.6856902241706848,1
188,230514_2-2-0.tif,"[8387.891204833984, 9403.251686096191, 33.16668701171875, 21.687644958496094]",0.6847435832023621,1
189,230514_2-2-0.tif,"[1117.14453125, 8892.221099853516, 39.167327880859375, 21.89483642578125]",0.6839662194252014,1
190,230514_2-2-0.tif,"[3989.9065856933594, 5608.283020019531, 24.10748291015625, 40.961669921875]",0.6821684837341309,1
191,230514_2-2-0.tif,"[3885.9032287597656, 3796.796112060547, 42.087890625, 28.55499267578125]",0.6819379925727844,1
192,230514_2-2-0.tif,"[1081.5916748046875, 9236.738582611084, 31.666427612304688, 19.346256256103516]",0.6814020276069641,1
193,230514_2-2-0.tif,"[1159.2870788574219, 9781.119750976562, 36.1885986328125, 19.345703125]",0.6813195943832397,1
194,230514_2-2-0.tif,"[8247.382934570312, 9577.352966308594, 27.63104248046875, 29.47039794921875]",0.6803807020187378,1
195,230514_2-2-0.tif,"[8930.653335571289, 9279.916107177734, 21.8961181640625, 27.303192138671875]",0.6783596277236938,1
196,230514_2-2-0.tif,"[7082.719055175781, 8107.384704589844, 39.6861572265625, 35.0042724609375]",0.6780586242675781,1
197,230514_2-2-0.tif,"[8640.825012207031, 6598.174560546875, 38.6998291015625, 36.3741455078125]",0.6765139102935791,1
198,230514_2-2-0.tif,"[1290.5441589355469, 7286.413612365723, 28.81884765625, 48.68602752685547]",0.6760100722312927,1
199,230514_2-2-0.tif,"[3432.7728271484375, 6492.3800048828125, 36.43359375, 26.78076171875]",0.6747821569442749,1
200,230514_2-2-0.tif,"[2213.9578857421875, 8159.923522949219, 35.275634765625, 36.34686279296875]",0.6742729544639587,1
201,230514_2-2-0.tif,"[1904.4267578125, 6383.314971923828, 28.6199951171875, 38.291748046875]",0.6734759211540222,1
202,230514_2-2-0.tif,"[2921.733367919922, 4750.507385253906, 29.1273193359375, 26.825439453125]",0.6718912124633789,1
203,230514_2-2-0.tif,"[1038.482624053955, 8221.358646392822, 34.54764938354492, 22.78055191040039]",0.6713964939117432,1
204,230514_2-2-0.tif,"[4435.405029296875, 4591.662658691406, 30.835968017578125, 38.236745834350586]",0.6711845993995667,1
205,230514_2-2-0.tif,"[7693.372314453125, 7889.824691772461, 34.008544921875, 17.467132568359375]",0.6702593564987183,1
206,230514_2-2-0.tif,"[3714.726837158203, 5384.960205078125, 30.68145751953125, 18.3697509765625]",0.6700924038887024,1
207,230514_2-2-0.tif,"[2292.557174682617, 7682.969177246094, 34.26255798339844, 19.684539794921875]",0.6700226068496704,1
208,230514_2-2-0.tif,"[2498.1041564941406, 8425.717666625977, 30.30096435546875, 17.97601318359375]",0.6687132716178894,1
209,230514_2-2-0.tif,"[2667.4306640625, 8458.313293457031, 42.21368408203125, 32.27166748046875]",0.6685705184936523,1
210,230514_2-2-0.tif,"[3463.9649658203125, 3520.1888427734375, 50.11767578125, 29.9818115234375]",0.6685152649879456,1
211,230514_2-2-0.tif,"[2479.1613159179688, 8064.78564453125, 21.596923828125, 33.40087890625]",0.6682729125022888,1
212,230514_2-2-0.tif,"[3720.8970642089844, 5662.988222122192, 21.919265747070312, 36.33471488952637]",0.6680758595466614,1
213,230514_2-2-0.tif,"[1824.4078063964844, 7568.9356689453125, 28.18988037109375, 27.351806640625]",0.66754549741745,1
214,230514_2-2-0.tif,"[2519.4109497070312, 7296.511383056641, 45.04345703125, 17.6717529296875]",0.6665595769882202,1
215,230514_2-2-0.tif,"[8043.4583740234375, 9297.117492675781, 37.20745849609375, 40.669769287109375]",0.6656545400619507,1
216,230514_2-2-0.tif,"[4572.2821044921875, 4008.9408569335938, 44.923095703125, 33.361083984375]",0.6649671792984009,1
217,230514_2-2-0.tif,"[8455.51904296875, 8801.324340820312, 22.1217041015625, 32.629058837890625]",0.6637954115867615,1
218,230514_2-2-0.tif,"[7513.97607421875, 8732.208740234375, 35.825775146484375, 17.93212890625]",0.6625843644142151,1
219,230514_2-2-0.tif,"[7962.732666015625, 8692.674682617188, 37.582763671875, 42.48940467834473]",0.6623543500900269,1
220,230514_2-2-0.tif,"[689.5271606445312, 9237.664060592651, 47.37420654296875, 32.97937202453613]",0.6616895794868469,1
221,230514_2-2-0.tif,"[3560.9153442382812, 8626.068908691406, 36.65065002441406, 24.77008056640625]",0.660473644733429,1
222,230514_2-2-0.tif,"[7949.862609863281, 8879.919723510742, 43.84619140625, 30.81866455078125]",0.6603028774261475,1
223,230514_2-2-0.tif,"[2472.1807556152344, 4924.2080078125, 46.50848388671875, 31.431396484375]",0.6601980924606323,1
224,230514_2-2-0.tif,"[7410.269287109375, 8431.844757080078, 38.65545654296875, 32.84686279296875]",0.6600013971328735,1
225,230514_2-2-0.tif,"[410.51092529296875, 8747.0673828125, 39.03070068359375, 24.272789001464844]",0.6574578881263733,1
226,230514_2-2-0.tif,"[2525.4015502929688, 6431.515869140625, 34.6231689453125, 40.7371826171875]",0.6574398875236511,1
227,230514_2-2-0.tif,"[8048.400939941406, 8948.367919921875, 26.23388671875, 33.23321533203125]",0.657181441783905,1
228,230514_2-2-0.tif,"[3181.0355682373047, 8125.219970703125, 31.16131591796875, 36.659423828125]",0.6566367745399475,1
229,230514_2-2-0.tif,"[6855.897491455078, 9007.572784423828, 33.20294189453125, 40.72479248046875]",0.6563279032707214,1
230,230514_2-2-0.tif,"[4267.446197509766, 6103.144592285156, 32.094329833984375, 43.046142578125]",0.6562315821647644,1
231,230514_2-2-0.tif,"[9524.882080078125, 9321.624206542969, 40.611328125, 20.88592529296875]",0.6552026271820068,1
232,230514_2-2-0.tif,"[1021.3404541015625, 9327.988784790039, 25.98873519897461, 42.75555419921875]",0.6541492938995361,1
233,230514_2-2-0.tif,"[3601.4970703125, 8130.019775390625, 36.1708984375, 19.30487060546875]",0.6540301442146301,1
234,230514_2-2-0.tif,"[8973.387084960938, 9410.062789916992, 36.23004150390625, 18.785354614257812]",0.6535679697990417,1
235,230514_2-2-0.tif,"[9736.039245605469, 8937.494598388672, 31.61053466796875, 21.682586669921875]",0.6510329842567444,1
236,230514_2-2-0.tif,"[6299.674133300781, 9262.641304016113, 40.00994873046875, 17.39581298828125]",0.6507408618927002,1
237,230514_2-2-0.tif,"[7782.0262451171875, 8397.151779174805, 43.854217529296875, 29.34405517578125]",0.6495892405509949,1
238,230514_2-2-0.tif,"[1130.4998321533203, 9044.080078125, 25.58758544921875, 40.7974853515625]",0.6492716073989868,1
239,230514_2-2-0.tif,"[3867.4630126953125, 5967.1380615234375, 31.2239990234375, 31.08251953125]",0.6491830945014954,1
240,230514_2-2-0.tif,"[1515.2958984375, 9105.787658691406, 28.895090103149414, 28.8775634765625]",0.649040937423706,1
241,230514_2-2-0.tif,"[7107.154693603516, 9346.36410522461, 34.55255126953125, 17.35345458984375]",0.6488080620765686,1
242,230514_2-2-0.tif,"[6012.706787109375, 8591.065643310547, 39.5242919921875, 33.25982666015625]",0.6481155157089233,1
243,230514_2-2-0.tif,"[9588.736389160156, 5427.016052246094, 38.24951171875, 31.9610595703125]",0.6477738618850708,1
244,230514_2-2-0.tif,"[1258.091064453125, 8206.606201171875, 35.122161865234375, 19.5283203125]",0.647238552570343,1
245,230514_2-2-0.tif,"[4267.93017578125, 4394.688537597656, 35.67437744140625, 39.043701171875]",0.6466262936592102,1
246,230514_2-2-0.tif,"[7740.58447265625, 8957.153900146484, 38.51525115966797, 18.2130126953125]",0.6445035338401794,1
247,230514_2-2-0.tif,"[8536.511108398438, 8900.451599121094, 29.83062744140625, 44.9150390625]",0.6444453001022339,1
248,230514_2-2-0.tif,"[7603.899963378906, 9985.125793457031, 40.578369140625, 14.87420654296875]",0.6432738900184631,1
249,230514_2-2-0.tif,"[4569.720886230469, 5312.903610229492, 56.1260986328125, 23.8614501953125]",0.6428446769714355,1
250,230514_2-2-0.tif,"[7708.476806640625, 9001.440124511719, 28.569091796875, 22.884033203125]",0.6428114175796509,1
251,230514_2-2-0.tif,"[4242.161163330078, 5860.699127197266, 46.596435546875, 25.5975341796875]",0.6420220732688904,1
252,230514_2-2-0.tif,"[9330.586044311523, 4766.5120849609375, 26.519989013671875, 44.165924072265625]",0.6414052248001099,1
253,230514_2-2-0.tif,"[2414.589111328125, 6893.486968994141, 28.7735595703125, 26.089599609375]",0.6404004693031311,1
254,230514_2-2-0.tif,"[3626.9502601623535, 4945.774566650391, 44.256221771240234, 25.38494873046875]",0.6398013234138489,1
255,230514_2-2-0.tif,"[977.5472412109375, 9134.132873535156, 37.7667236328125, 19.6766357421875]",0.6393179297447205,1
256,230514_2-2-0.tif,"[2829.6172485351562, 7723.9425048828125, 37.53729248046875, 17.30255889892578]",0.6385966539382935,1
257,230514_2-2-0.tif,"[7624.3214111328125, 8708.041625976562, 47.6494140625, 38.4285888671875]",0.6384634375572205,1
258,230514_2-2-0.tif,"[1024.6353149414062, 9213.015502929688, 25.931068420410156, 30.432849884033203]",0.6381046772003174,1
259,230514_2-2-0.tif,"[6989.6947021484375, 9279.183868408203, 17.86895751953125, 34.94413757324219]",0.6360864639282227,1
260,230514_2-2-0.tif,"[7656.3529052734375, 9445.242492675781, 33.07977294921875, 34.457000732421875]",0.6357654929161072,1
261,230514_2-2-0.tif,"[3179.5875244140625, 7599.634735107422, 22.42059326171875, 45.335205078125]",0.635439395904541,1
262,230514_2-2-0.tif,"[7753.8148193359375, 9266.595970153809, 35.863037109375, 26.196090698242188]",0.635290265083313,1
263,230514_2-2-0.tif,"[3748.0054931640625, 7216.71647644043, 41.114471435546875, 17.829666137695312]",0.6349217891693115,1
264,230514_2-2-0.tif,"[9245.335189819336, 7665.603790283203, 45.345970153808594, 32.509979248046875]",0.6348693370819092,1
265,230514_2-2-0.tif,"[9033.172058105469, 6757.241020202637, 40.0814208984375, 20.234375]",0.6343278884887695,1
266,230514_2-2-0.tif,"[3437.8931274414062, 7042.425537109375, 36.5584716796875, 30.846435546875]",0.6342164874076843,1
267,230514_2-2-0.tif,"[1775.010757446289, 9505.53776550293, 35.43403625488281, 41.227691650390625]",0.6325191259384155,1
268,230514_2-2-0.tif,"[932.8021240234375, 9768.678649902344, 20.367431640625, 44.15374755859375]",0.6317387223243713,1
269,230514_2-2-0.tif,"[9131.418701171875, 4849.613067626953, 39.05181884765625, 28.51776123046875]",0.630805492401123,1
270,230514_2-2-0.tif,"[4033.1061096191406, 4891.511444091797, 48.61761474609375, 31.60772705078125]",0.6306649446487427,1
271,230514_2-2-0.tif,"[9909.436767578125, 8765.48828125, 29.077392578125, 39.90425109863281]",0.6299706101417542,1
272,230514_2-2-0.tif,"[3057.10888671875, 7607.1072998046875, 48.13841247558594, 22.21746826171875]",0.6294007301330566,1
273,230514_2-2-0.tif,"[7064.4857177734375, 7383.465850830078, 24.222412109375, 42.91693115234375]",0.6287824511528015,1
274,230514_2-2-0.tif,"[8294.757797241211, 9043.228759765625, 35.604888916015625, 17.661865234375]",0.6281644105911255,1
275,230514_2-2-0.tif,"[4211.04850769043, 6638.001037597656, 29.403457641601562, 43.7017822265625]",0.6272891163825989,1
276,230514_2-2-0.tif,"[4420.223876953125, 5460.125061035156, 44.84210205078125, 22.22601318359375]",0.6271538734436035,1
277,230514_2-2-0.tif,"[7912.886413574219, 8029.885101318359, 46.269287109375, 27.68231201171875]",0.6265273094177246,1
278,230514_2-2-0.tif,"[9606.484573364258, 5399.868103027344, 47.68824768066406, 21.1768798828125]",0.6261494159698486,1
279,230514_2-2-0.tif,"[3755.6432342529297, 7346.8602294921875, 38.96697998046875, 17.8668212890625]",0.6253129839897156,1
280,230514_2-2-0.tif,"[3331.6524963378906, 7420.858825683594, 44.42437744140625, 18.86767578125]",0.6247754096984863,1
281,230514_2-2-0.tif,"[822.6143188476562, 9007.455322265625, 38.3214111328125, 31.7830810546875]",0.6244766712188721,1
282,230514_2-2-0.tif,"[7916.556488037109, 8506.225219726562, 41.155029296875, 20.2779541015625]",0.6241910457611084,1
283,230514_2-2-0.tif,"[9986.705688476562, 9179.599182128906, 13.2943115234375, 38.56732177734375]",0.6240203976631165,1
284,230514_2-2-0.tif,"[1230.1885986328125, 6911.654724121094, 41.78765869140625, 20.0086669921875]",0.6235173344612122,1
285,230514_2-2-0.tif,"[4348.293273925781, 6085.3731689453125, 43.292236328125, 19.20068359375]",0.6233741641044617,1
286,230514_2-2-0.tif,"[1438.5758056640625, 9561.683609008789, 37.4093017578125, 17.698455810546875]",0.6228652000427246,1
287,230514_2-2-0.tif,"[1709.6412658691406, 9558.754119873047, 39.9342041015625, 36.489990234375]",0.6224252581596375,1
288,230514_2-2-0.tif,"[7309.984069824219, 7858.5634765625, 41.158203125, 17.62640380859375]",0.6218708753585815,1
289,230514_2-2-0.tif,"[7500.166809082031, 9136.393737792969, 20.4822998046875, 36.492919921875]",0.6208504438400269,1
290,230514_2-2-0.tif,"[9924.735961914062, 7027.6099853515625, 22.896728515625, 32.0814208984375]",0.6186330318450928,1
291,230514_2-2-0.tif,"[1479.916015625, 8200.607181549072, 22.427520751953125, 44.455440521240234]",0.6185789704322815,1
292,230514_2-2-0.tif,"[6979.1092529296875, 8831.098892211914, 28.225830078125, 26.678070068359375]",0.6169231534004211,1
293,230514_2-2-0.tif,"[7859.315368652344, 7953.1341552734375, 30.25726318359375, 35.1129150390625]",0.6151337027549744,1
294,230514_2-2-0.tif,"[5155.644332885742, 9814.015747070312, 37.780517578125, 22.59814453125]",0.6149870753288269,1
295,230514_2-2-0.tif,"[9659.359619140625, 9316.105346679688, 29.34844970703125, 30.1368408203125]",0.6149275302886963,1
296,230514_2-2-0.tif,"[4206.508987426758, 4647.575927734375, 23.37005615234375, 52.17547607421875]",0.6148766875267029,1
297,230514_2-2-0.tif,"[9159.443725585938, 4605.909851074219, 48.919677734375, 36.4833984375]",0.6148507595062256,1
298,230514_2-2-0.tif,"[1313.068603515625, 7827.080978393555, 43.48663330078125, 27.845916748046875]",0.6148284077644348,1
299,230514_2-2-0.tif,"[7901.610412597656, 9224.657753944397, 32.960845947265625, 18.101637840270996]",0.6148098111152649,1
300,230514_2-2-0.tif,"[1869.3786315917969, 8505.672424316406, 41.873046875, 17.953857421875]",0.6146329641342163,1
301,230514_2-2-0.tif,"[9155.6630859375, 6352.716491699219, 41.053955078125, 30.73590087890625]",0.6145660877227783,1
302,230514_2-2-0.tif,"[8096.5885009765625, 9721.076232910156, 36.2855224609375, 17.90557861328125]",0.6144616603851318,1
303,230514_2-2-0.tif,"[6842.037689208984, 8806.093368530273, 26.53289794921875, 42.02925109863281]",0.6140590906143188,1
304,230514_2-2-0.tif,"[7499.221252441406, 7719.334289550781, 41.161590576171875, 43.000732421875]",0.6133233904838562,1
305,230514_2-2-0.tif,"[2016.4043579101562, 7780.718933105469, 32.0091552734375, 41.40196228027344]",0.6132728457450867,1
306,230514_2-2-0.tif,"[5730.166687011719, 7834.662414550781, 27.8125, 60.433441162109375]",0.6132330298423767,1
307,230514_2-2-0.tif,"[3684.933135986328, 4810.873931884766, 47.668243408203125, 18.72576904296875]",0.6130596399307251,1
308,230514_2-2-0.tif,"[7908.584320068359, 7594.517639160156, 28.66729736328125, 52.55865478515625]",0.6122909784317017,1
309,230514_2-2-0.tif,"[7349.69059753418, 9684.345642089844, 33.9698486328125, 48.275390625]",0.6111934185028076,1
310,230514_2-2-0.tif,"[7259.748458862305, 7705.143783569336, 39.232879638671875, 25.241104125976562]",0.6109232306480408,1
311,230514_2-2-0.tif,"[2090.7818603515625, 8986.888763427734, 37.061279296875, 24.4058837890625]",0.6105307936668396,1
312,230514_2-2-0.tif,"[6948.76904296875, 7912.836151123047, 38.45703125, 17.8985595703125]",0.6101028323173523,1
313,230514_2-2-0.tif,"[4712.783630371094, 4164.122398376465, 36.988372802734375, 30.142181396484375]",0.6076444983482361,1
314,230514_2-2-0.tif,"[3196.084991455078, 4117.6431884765625, 39.176055908203125, 27.796104431152344]",0.6076258420944214,1
315,230514_2-2-0.tif,"[6411.841613769531, 8716.696557044983, 36.821533203125, 19.660597801208496]",0.6074469089508057,1
316,230514_2-2-0.tif,"[6925.985778808594, 8881.989868164062, 28.11962890625, 26.16632080078125]",0.6050747036933899,1
317,230514_2-2-0.tif,"[9345.861053466797, 9219.541110992432, 18.0732421875, 35.31417465209961]",0.6039218306541443,1
318,230514_2-2-0.tif,"[3328.669708251953, 5062.990661621094, 39.68194580078125, 29.9949951171875]",0.6036649942398071,1
319,230514_2-2-0.tif,"[8551.749938964844, 9726.98193359375, 21.813232421875, 30.3511962890625]",0.6024805903434753,1
320,230514_2-2-0.tif,"[1501.8961791992188, 8356.65933227539, 39.57672119140625, 25.68951416015625]",0.6019267439842224,1
321,230514_2-2-0.tif,"[1374.568115234375, 9959.726196289062, 18.4095458984375, 38.324951171875]",0.6018781065940857,1
322,230514_2-2-0.tif,"[2064.0852661132812, 8178.871795654297, 34.4661865234375, 37.754425048828125]",0.6017546653747559,1
323,230514_2-2-0.tif,"[1194.2372436523438, 9704.568542480469, 44.096099853515625, 18.82244873046875]",0.6012551188468933,1
324,230514_2-2-0.tif,"[7595.428771972656, 9086.785400390625, 30.67431640625, 36.675048828125]",0.6007418036460876,1
325,230514_2-2-0.tif,"[1987.3035278320312, 7650.828308105469, 37.3101806640625, 17.40283203125]",0.6005666255950928,1
326,230514_2-2-0.tif,"[4345.211486816406, 5180.372097015381, 37.22705078125, 29.49588394165039]",0.6002568602561951,1
327,230514_2-2-0.tif,"[2968.6790161132812, 6005.382995605469, 34.22381591796875, 38.6431884765625]",0.5991136431694031,1
328,230514_2-2-0.tif,"[8249.470569610596, 8912.666473388672, 26.81515121459961, 18.0740966796875]",0.5988236665725708,1
329,230514_2-2-0.tif,"[7255.1643142700195, 9367.892333984375, 35.65306091308594, 32.33141326904297]",0.5984870791435242,1
330,230514_2-2-0.tif,"[8036.4385986328125, 9247.023271560669, 15.0572509765625, 31.365888595581055]",0.5977020859718323,1
331,230514_2-2-0.tif,"[3433.5556030273438, 6772.930068969727, 43.0174560546875, 25.926116943359375]",0.5963737964630127,1
332,230514_2-2-0.tif,"[1889.5173034667969, 7680.297180175781, 15.7103271484375, 36.683837890625]",0.5958161950111389,1
333,230514_2-2-0.tif,"[8945.555786132812, 9000.584655761719, 39.8648681640625, 38.873046875]",0.5957594513893127,1
334,230514_2-2-0.tif,"[854.55419921875, 9046.99594116211, 35.07281494140625, 18.24664306640625]",0.594366729259491,1
335,230514_2-2-0.tif,"[3047.0904541015625, 4743.810028076172, 49.51910400390625, 26.50177001953125]",0.593458890914917,1
336,230514_2-2-0.tif,"[6964.795318603516, 7462.040283203125, 34.845458984375, 40.06005859375]",0.5930737853050232,1
337,230514_2-2-0.tif,"[1265.3092956542969, 8624.419311523438, 36.885986328125, 41.63232421875]",0.5918490290641785,1
338,230514_2-2-0.tif,"[1057.2298049926758, 8781.21142578125, 35.150909423828125, 20.15625]",0.5917695760726929,1
339,230514_2-2-0.tif,"[1254.3183898925781, 7898.041046142578, 43.414581298828125, 31.045440673828125]",0.5915415287017822,1
340,230514_2-2-0.tif,"[1143.5106964111328, 8036.192840576172, 44.9981689453125, 30.37274169921875]",0.5899770259857178,1
341,230514_2-2-0.tif,"[3158.7337646484375, 6552.932067871094, 33.357666015625, 51.12469482421875]",0.5899646282196045,1
342,230514_2-2-0.tif,"[6891.113830566406, 9511.374069213867, 44.3106689453125, 25.06744384765625]",0.5894251465797424,1
343,230514_2-2-0.tif,"[3690.7272338867188, 8602.68130493164, 48.45477294921875, 30.2489013671875]",0.5891755223274231,1
344,230514_2-2-0.tif,"[1529.35693359375, 8226.933906555176, 22.56595230102539, 38.05156707763672]",0.5882201194763184,1
345,230514_2-2-0.tif,"[4292.209930419922, 3843.5306701660156, 43.1806640625, 32.3338623046875]",0.587649405002594,1
346,230514_2-2-0.tif,"[1404.5741271972656, 8291.896682739258, 33.9541015625, 32.236419677734375]",0.5872784852981567,1
347,230514_2-2-0.tif,"[4683.140830993652, 5918.590087890625, 41.383544921875, 31.28662109375]",0.5868176817893982,1
348,230514_2-2-0.tif,"[9713.338562011719, 9681.157531738281, 17.403076171875, 25.111572265625]",0.5863242745399475,1
349,230514_2-2-0.tif,"[4497.512145996094, 5227.452575683594, 41.3604736328125, 20.693756103515625]",0.5862216949462891,1
350,230514_2-2-0.tif,"[4459.309753417969, 5895.0361328125, 39.5804443359375, 19.9140625]",0.5845166444778442,1
351,230514_2-2-0.tif,"[2318.0223999023438, 9063.892517089844, 34.2374267578125, 21.4527587890625]",0.5838490724563599,1
352,230514_2-2-0.tif,"[9104.478576660156, 9371.295959472656, 20.0849609375, 48.05198287963867]",0.5832751989364624,1
353,230514_2-2-0.tif,"[7540.132873535156, 9829.311828613281, 41.9901123046875, 28.075927734375]",0.5824549794197083,1
354,230514_2-2-0.tif,"[2358.971435546875, 9104.681335449219, 39.3668212890625, 27.10797119140625]",0.5822581648826599,1
355,230514_2-2-0.tif,"[3424.4291381835938, 4159.110412597656, 34.89691162109375, 44.00140380859375]",0.5820866227149963,1
356,230514_2-2-0.tif,"[4073.8300170898438, 3870.8355102539062, 46.73046875, 28.490020751953125]",0.581336498260498,1
357,230514_2-2-0.tif,"[1530.6574096679688, 9357.32470703125, 33.95562744140625, 32.68475341796875]",0.5813209414482117,1
358,230514_2-2-0.tif,"[6566.7374267578125, 7515.265869140625, 34.18115234375, 29.984375]",0.5809590220451355,1
359,230514_2-2-0.tif,"[2384.704345703125, 9023.757629394531, 38.429931640625, 19.810302734375]",0.5803852677345276,1
360,230514_2-2-0.tif,"[1752.2084655761719, 8408.895935058594, 32.32086181640625, 32.738037109375]",0.5801511406898499,1
361,230514_2-2-0.tif,"[1507.0219116210938, 8300.890930175781, 19.93792724609375, 39.809967041015625]",0.579979658126831,1
362,230514_2-2-0.tif,"[696.2852325439453, 9003.477783203125, 37.64990234375, 21.46044921875]",0.5785132646560669,1
363,230514_2-2-0.tif,"[9402.6792678833, 6332.926239013672, 40.40364074707031, 37.626220703125]",0.5783967971801758,1
364,230514_2-2-0.tif,"[8450.096984863281, 8336.82553100586, 36.746826171875, 36.87554931640625]",0.577843427658081,1
365,230514_2-2-0.tif,"[618.5121612548828, 9715.118438720703, 38.22065734863281, 21.6072998046875]",0.5777250528335571,1
366,230514_2-2-0.tif,"[7343.886260986328, 9791.141296386719, 18.3082275390625, 35.15234375]",0.5776610374450684,1
367,230514_2-2-0.tif,"[1419.4077758789062, 9398.710815429688, 45.5606689453125, 21.488296508789062]",0.5771800875663757,1
368,230514_2-2-0.tif,"[3503.6956176757812, 5605.378173828125, 49.3228759765625, 25.050537109375]",0.577124834060669,1
369,230514_2-2-0.tif,"[9442.504959106445, 5243.299949645996, 42.53758239746094, 28.641456604003906]",0.5764446258544922,1
370,230514_2-2-0.tif,"[1264.0242156982422, 8124.571228027344, 34.51527404785156, 29.15447998046875]",0.5763736367225647,1
371,230514_2-2-0.tif,"[4015.0167236328125, 4487.711181640625, 47.62994384765625, 20.219482421875]",0.5742958784103394,1
372,230514_2-2-0.tif,"[8857.928588867188, 9220.35546875, 29.6319580078125, 45.56689453125]",0.5740993618965149,1
373,230514_2-2-0.tif,"[1250.1351928710938, 7692.782283782959, 44.909423828125, 38.45420837402344]",0.5729230046272278,1
374,230514_2-2-0.tif,"[6925.3310546875, 8651.664031982422, 36.21978759765625, 33.8118896484375]",0.5727311968803406,1
375,230514_2-2-0.tif,"[9967.425903320312, 8181.125091552734, 32.357421875, 33.901885986328125]",0.5725723505020142,1
376,230514_2-2-0.tif,"[1360.0684509277344, 8289.135314941406, 34.8470458984375, 26.292236328125]",0.5714326500892639,1
377,230514_2-2-0.tif,"[690.890869140625, 9785.645874023438, 36.1751708984375, 20.02557373046875]",0.5701342821121216,1
378,230514_2-2-0.tif,"[9905.619506835938, 9143.218688964844, 35.709228515625, 27.78125]",0.5689327716827393,1
379,230514_2-2-0.tif,"[2075.0421142578125, 7019.151550292969, 23.450439453125, 45.974365234375]",0.5686749815940857,1
380,230514_2-2-0.tif,"[6701.662254333496, 9537.137664794922, 18.159645080566406, 23.249710083007812]",0.5684254169464111,1
381,230514_2-2-0.tif,"[6644.888824462891, 8787.07192993164, 33.85294532775879, 27.646148681640625]",0.5676796436309814,1
382,230514_2-2-0.tif,"[1378.30810546875, 8154.686492919922, 28.79931640625, 28.2259521484375]",0.5676406621932983,1
383,230514_2-2-0.tif,"[6794.6708984375, 9090.097106933594, 41.16461181640625, 26.3585205078125]",0.5673766136169434,1
384,230514_2-2-0.tif,"[9973.03271484375, 2657.5135498046875, 26.96728515625, 24.530616760253906]",0.5666047930717468,1
385,230514_2-2-0.tif,"[2738.7250061035156, 7244.699356079102, 39.9764404296875, 26.432479858398438]",0.5652046203613281,1
386,230514_2-2-0.tif,"[1108.0276412963867, 9264.893844604492, 39.47193145751953, 18.977859497070312]",0.564583420753479,1
387,230514_2-2-0.tif,"[2460.0900268554688, 9267.064758300781, 17.6529541015625, 30.0462646484375]",0.5643070936203003,1
388,230514_2-2-0.tif,"[2406.1400756835938, 6202.883972167969, 36.947509765625, 20.309326171875]",0.5635917782783508,1
389,230514_2-2-0.tif,"[3759.196319580078, 5075.927185058594, 34.706207275390625, 22.9107666015625]",0.5631977915763855,1
390,230514_2-2-0.tif,"[2736.2716674804688, 7902.382965087891, 28.0753173828125, 39.277587890625]",0.5620551705360413,1
391,230514_2-2-0.tif,"[7075.584075927734, 7937.586730957031, 25.39239501953125, 47.4029541015625]",0.5591577887535095,1
392,230514_2-2-0.tif,"[2743.645721435547, 4275.340789794922, 36.18505859375, 25.32501220703125]",0.5584803223609924,1
393,230514_2-2-0.tif,"[6079.1248779296875, 8497.388397216797, 22.2880859375, 26.34454345703125]",0.5582194924354553,1
394,230514_2-2-0.tif,"[9984.685180664062, 9100.664245605469, 15.157470703125, 35.3023681640625]",0.5579972267150879,1
395,230514_2-2-0.tif,"[2715.5028686523438, 7903.007720947266, 24.52301025390625, 46.21600341796875]",0.5578683018684387,1
396,230514_2-2-0.tif,"[6854.654525756836, 8981.37026977539, 36.6275634765625, 33.74700927734375]",0.5577548146247864,1
397,230514_2-2-0.tif,"[7222.708297729492, 8208.503463745117, 43.71064758300781, 23.029373168945312]",0.5573192834854126,1
398,230514_2-2-0.tif,"[2890.983642578125, 6305.939849853516, 31.570556640625, 22.561767578125]",0.5561700463294983,1
399,230514_2-2-0.tif,"[9416.802719116211, 9111.517578125, 39.19110107421875, 31.9093017578125]",0.5561081767082214,1
400,230514_2-2-0.tif,"[9655.83853149414, 4432.976654052734, 39.15203857421875, 43.2554931640625]",0.5544142723083496,1
401,230514_2-2-0.tif,"[7395.869873046875, 7836.961212158203, 44.554168701171875, 31.129913330078125]",0.5536674857139587,1
402,230514_2-2-0.tif,"[9784.830627441406, 7043.502990722656, 33.592529296875, 30.2113037109375]",0.5536128878593445,1
403,230514_2-2-0.tif,"[3343.7279052734375, 6523.616058349609, 31.81982421875, 23.58935546875]",0.5519782304763794,1
404,230514_2-2-0.tif,"[2501.077880859375, 5007.466491699219, 40.22711181640625, 26.9224853515625]",0.5489516854286194,1
405,230514_2-2-0.tif,"[8441.894119262695, 8536.231140136719, 37.20359802246094, 32.61962890625]",0.5479072332382202,1
406,230514_2-2-0.tif,"[9516.322662353516, 8801.801208496094, 36.9493408203125, 35.7646484375]",0.5477935671806335,1
407,230514_2-2-0.tif,"[6837.411315917969, 7191.034126281738, 37.750457763671875, 29.456825256347656]",0.5472355484962463,1
408,230514_2-2-0.tif,"[9806.549377441406, 9322.466567993164, 46.60528564453125, 22.203857421875]",0.5466926693916321,1
409,230514_2-2-0.tif,"[8724.039318084717, 9898.255798339844, 18.225452423095703, 45.59088134765625]",0.5463370680809021,1
410,230514_2-2-0.tif,"[1227.1382141113281, 7858.9732666015625, 37.50567626953125, 22.60699462890625]",0.5462894439697266,1
411,230514_2-2-0.tif,"[1751.5891723632812, 8785.916015625, 41.416473388671875, 18.93017578125]",0.5461165308952332,1
412,230514_2-2-0.tif,"[9569.594207763672, 6730.1241455078125, 39.46636962890625, 19.0721435546875]",0.5443576574325562,1
413,230514_2-2-0.tif,"[6874.058074951172, 7907.333251953125, 37.67498779296875, 24.54730224609375]",0.5442926287651062,1
414,230514_2-2-0.tif,"[6260.178405761719, 8914.012145996094, 22.1055908203125, 41.0712890625]",0.5439218878746033,1
415,230514_2-2-0.tif,"[710.8129272460938, 8871.124282836914, 31.028350830078125, 35.05999755859375]",0.5438702702522278,1
416,230514_2-2-0.tif,"[6996.7354736328125, 8506.12060546875, 25.4327392578125, 31.8670654296875]",0.5437376499176025,1
417,230514_2-2-0.tif,"[9409.557525634766, 8268.411376953125, 34.057861328125, 34.61602783203125]",0.5432816743850708,1
418,230514_2-2-0.tif,"[9414.776329040527, 6936.731536865234, 18.463150024414062, 45.11541748046875]",0.5405174493789673,1
419,230514_2-2-0.tif,"[7677.624267578125, 7827.316192626953, 44.505584716796875, 24.0230712890625]",0.5397111177444458,1
420,230514_2-2-0.tif,"[9092.282470703125, 9583.423583984375, 31.93829345703125, 16.06939697265625]",0.5391740798950195,1
421,230514_2-2-0.tif,"[1140.8974838256836, 9346.622802734375, 26.44019317626953, 42.603546142578125]",0.5385727882385254,1
422,230514_2-2-0.tif,"[6819.029602050781, 9196.89990234375, 30.140350341796875, 25.5648193359375]",0.538189172744751,1
423,230514_2-2-0.tif,"[5528.2843017578125, 9670.688781738281, 25.21807861328125, 57.00445556640625]",0.5378974676132202,1
424,230514_2-2-0.tif,"[367.949462890625, 7924.708694458008, 50.816650390625, 31.381088256835938]",0.5375789403915405,1
425,230514_2-2-0.tif,"[9742.884033203125, 9077.022644042969, 30.98828125, 29.7535400390625]",0.5370527505874634,1
426,230514_2-2-0.tif,"[3378.7886352539062, 4579.054443359375, 44.8763427734375, 22.09619140625]",0.5366044640541077,1
427,230514_2-2-0.tif,"[2025.7164916992188, 7924.814025878906, 38.69268798828125, 20.065673828125]",0.5360308885574341,1
428,230514_2-2-0.tif,"[7206.338363647461, 9708.622253417969, 34.70082092285156, 22.0439453125]",0.5357570648193359,1
429,230514_2-2-0.tif,"[972.4967346191406, 9972.114501953125, 47.06610107421875, 21.131591796875]",0.5348427891731262,1
430,230514_2-2-0.tif,"[834.1875, 8773.771118164062, 25.5931396484375, 36.1038818359375]",0.5346893668174744,1
431,230514_2-2-0.tif,"[9879.954345703125, 6741.933609008789, 23.019287109375, 48.61595153808594]",0.5344823598861694,1
432,230514_2-2-0.tif,"[9643.659118652344, 9789.65005493164, 48.4801025390625, 30.00732421875]",0.5335845947265625,1
433,230514_2-2-0.tif,"[7058.968658447266, 9003.90185546875, 28.1708984375, 38.1612548828125]",0.5325697064399719,1
434,230514_2-2-0.tif,"[1982.2977905273438, 8814.160888671875, 35.60858154296875, 27.675445556640625]",0.5325125455856323,1
435,230514_2-2-0.tif,"[3167.1795654296875, 7198.192810058594, 23.718505859375, 54.2183837890625]",0.5323952436447144,1
436,230514_2-2-0.tif,"[4424.002197265625, 4007.8194885253906, 44.57513427734375, 40.2886962890625]",0.531902015209198,1
437,230514_2-2-0.tif,"[1194.3663024902344, 9532.764770507812, 41.95123291015625, 35.3216552734375]",0.5314012765884399,1
438,230514_2-2-0.tif,"[7074.625915527344, 8866.265533447266, 21.08447265625, 42.98834228515625]",0.5312983393669128,1
439,230514_2-2-0.tif,"[2454.55517578125, 7716.772361755371, 40.1807861328125, 20.450088500976562]",0.5312145352363586,1
440,230514_2-2-0.tif,"[3822.169219970703, 4917.596771240234, 52.3642578125, 24.0965576171875]",0.5309495329856873,1
441,230514_2-2-0.tif,"[3903.7108764648438, 6670.727279663086, 24.15435791015625, 51.920684814453125]",0.5304557681083679,1
442,230514_2-2-0.tif,"[3917.9900512695312, 4979.5042724609375, 50.8857421875, 23.3941650390625]",0.5303709506988525,1
443,230514_2-2-0.tif,"[1567.340087890625, 8032.663024902344, 45.43389892578125, 22.670562744140625]",0.5295527577400208,1
444,230514_2-2-0.tif,"[7298.016342163086, 8671.216430664062, 30.530853271484375, 23.349609375]",0.5294200778007507,1
445,230514_2-2-0.tif,"[4293.5263671875, 6073.855895996094, 20.75640869140625, 42.17767333984375]",0.5278916954994202,1
446,230514_2-2-0.tif,"[7741.494270324707, 7515.985809326172, 21.06475067138672, 40.1204833984375]",0.527669370174408,1
447,230514_2-2-0.tif,"[3679.7359008789062, 4564.004577636719, 24.974822998046875, 48.2696533203125]",0.5266264081001282,1
448,230514_2-2-0.tif,"[903.622314453125, 8891.99887084961, 41.9613037109375, 25.25286865234375]",0.5256197452545166,1
449,230514_2-2-0.tif,"[7169.584943771362, 9925.828735351562, 27.0087890625, 35.3583984375]",0.5254011750221252,1
450,230514_2-2-0.tif,"[1844.9364624023438, 7965.427734375, 41.9547119140625, 25.6458740234375]",0.5247510671615601,1
451,230514_2-2-0.tif,"[1198.4145050048828, 7760.480285644531, 34.351470947265625, 33.25048828125]",0.5246472358703613,1
452,230514_2-2-0.tif,"[1419.4827270507812, 7847.205322265625, 44.49066162109375, 24.25836181640625]",0.5244404673576355,1
453,230514_2-2-0.tif,"[8455.932739257812, 9768.164184570312, 35.7449951171875, 41.7255859375]",0.5230836868286133,1
454,230514_2-2-0.tif,"[1875.6297607421875, 7750.3443603515625, 42.91668701171875, 25.27386474609375]",0.5229585766792297,1
455,230514_2-2-0.tif,"[7078.4134521484375, 8604.909362792969, 39.46826171875, 18.9912109375]",0.5196777582168579,1
456,230514_2-2-0.tif,"[6943.616973876953, 8979.749572753906, 53.133056640625, 29.679443359375]",0.5186740159988403,1
457,230514_2-2-0.tif,"[847.7640380859375, 9226.462768554688, 41.2838134765625, 20.455810546875]",0.5186362862586975,1
458,230514_2-2-0.tif,"[1348.2800903320312, 9885.580993652344, 29.363037109375, 37.4820556640625]",0.5178787708282471,1
459,230514_2-2-0.tif,"[6469.1309814453125, 8465.363311767578, 34.22357177734375, 40.783935546875]",0.5173621773719788,1
460,230514_2-2-0.tif,"[4195.266708374023, 6030.411682128906, 25.151748657226562, 31.5634765625]",0.5164587497711182,1
461,230514_2-2-0.tif,"[695.7045593261719, 9610.01870727539, 44.774505615234375, 22.95819091796875]",0.5162440538406372,1
462,230514_2-2-0.tif,"[2482.8926391601562, 7784.363235473633, 41.8701171875, 22.722824096679688]",0.5160712599754333,1
463,230514_2-2-0.tif,"[1352.082275390625, 7016.670715332031, 32.6995849609375, 30.9471435546875]",0.5155329704284668,1
464,230514_2-2-0.tif,"[4361.437072753906, 6127.16943359375, 43.92291259765625, 31.82232666015625]",0.5133169293403625,1
465,230514_2-2-0.tif,"[7710.025350570679, 7506.114074707031, 28.402284622192383, 43.2515869140625]",0.5128669738769531,1
466,230514_2-2-0.tif,"[7640.911315917969, 9525.047790527344, 31.7650146484375, 36.046173095703125]",0.5127090215682983,1
467,230514_2-2-0.tif,"[4487.487609863281, 4618.349685668945, 33.85980224609375, 36.673065185546875]",0.5126222968101501,1
468,230514_2-2-0.tif,"[4431.8115234375, 5775.6268310546875, 22.2242431640625, 54.244354248046875]",0.512333869934082,1
469,230514_2-2-0.tif,"[9433.170455932617, 9638.021057128906, 35.0264892578125, 33.0528564453125]",0.5121688842773438,1
470,230514_2-2-0.tif,"[2704.099655151367, 7726.2523193359375, 29.098403930664062, 38.4315185546875]",0.5121603012084961,1
471,230514_2-2-0.tif,"[9449.992782592773, 4122.5845947265625, 56.630828857421875, 31.18701171875]",0.5117973685264587,1
472,230514_2-2-0.tif,"[6283.732482910156, 8408.993774414062, 36.26959228515625, 22.59564208984375]",0.5110663175582886,1
473,230514_2-2-0.tif,"[3495.1680908203125, 6497.151885986328, 38.4005126953125, 25.73309326171875]",0.51100754737854,1
474,230514_2-2-0.tif,"[1958.9822998046875, 7474.9097900390625, 18.86083984375, 14.76910400390625]",0.5109803080558777,1
475,230514_2-2-0.tif,"[3264.255599975586, 4613.418701171875, 29.8902587890625, 37.98486328125]",0.5102789402008057,1
476,230514_2-2-0.tif,"[3790.1630859375, 4399.646942138672, 45.1429443359375, 32.9771728515625]",0.5096455812454224,1
477,230514_2-2-0.tif,"[2740.3369140625, 6530.226379394531, 44.638427734375, 25.86572265625]",0.5084869265556335,1
478,230514_2-2-0.tif,"[4387.766571044922, 6023.8765869140625, 43.1158447265625, 21.579833984375]",0.5082275867462158,1
479,230514_2-2-0.tif,"[3917.71142578125, 5568.634521484375, 34.0142822265625, 18.169189453125]",0.5064705610275269,1
480,230514_2-2-0.tif,"[789.1143493652344, 8764.15576171875, 23.02587890625, 38.01173400878906]",0.5060746073722839,1
481,230514_2-2-0.tif,"[3032.8038940429688, 7083.674163818359, 37.6060791015625, 30.35211181640625]",0.5036152601242065,1
482,230514_2-2-0.tif,"[4264.865646362305, 5595.377258300781, 21.46527099609375, 42.9794921875]",0.5011208057403564,1
483,230514_2-2-0.tif,"[3540.384063720703, 8504.415710449219, 37.2327880859375, 24.093994140625]",0.5008203983306885,1
484,230514_2-2-0.tif,"[6954.8175048828125, 8766.409507751465, 33.38720703125, 20.239540100097656]",0.5007936954498291,1
485,230514_2-2-0.tif,"[1863.076416015625, 7454.336181640625, 26.4359130859375, 35.3035888671875]",0.5001249313354492,1
486,230514_2-2-0.tif,"[4491.1180419921875, 4105.179931640625, 37.4261474609375, 37.890625]",0.4996766746044159,1
487,230514_2-2-0.tif,"[1462.8200073242188, 8983.749481201172, 38.25286865234375, 24.1817626953125]",0.4996604919433594,1
488,230514_2-2-0.tif,"[882.9297485351562, 9267.93637084961, 37.939910888671875, 27.52777099609375]",0.49867749214172363,1
489,230514_2-2-0.tif,"[2071.2510986328125, 6918.8033447265625, 33.2421875, 41.1680908203125]",0.4980679452419281,1
490,230514_2-2-0.tif,"[1400.85693359375, 6665.961364746094, 55.17303466796875, 39.86071014404297]",0.4976358711719513,1
491,230514_2-2-0.tif,"[618.4907531738281, 9830.447509765625, 40.26191711425781, 31.93634033203125]",0.4975145161151886,1
492,230514_2-2-0.tif,"[4198.393508911133, 4192.382629394531, 47.85765075683594, 26.89569091796875]",0.49677616357803345,1
493,230514_2-2-0.tif,"[904.5665283203125, 8629.048156738281, 35.60528564453125, 17.9349365234375]",0.4937025010585785,1
494,230514_2-2-0.tif,"[4783.9088134765625, 5707.084060668945, 31.05010986328125, 38.18577575683594]",0.49359166622161865,1
495,230514_2-2-0.tif,"[6238.845283508301, 9124.927520751953, 23.993484497070312, 29.75164794921875]",0.49336332082748413,1
496,230514_2-2-0.tif,"[843.5846557617188, 9751.685852050781, 33.56060791015625, 40.34326171875]",0.49307796359062195,1
497,230514_2-2-0.tif,"[9049.732482910156, 9782.626953125, 55.397979736328125, 25.2984619140625]",0.4919836223125458,1
498,230514_2-2-0.tif,"[9236.300468444824, 6024.0721435546875, 45.16657257080078, 22.113525390625]",0.49160152673721313,1
499,230514_2-2-0.tif,"[4384.136444091797, 5914.406494140625, 31.7625732421875, 33.6925048828125]",0.4913865327835083,1
500,230514_2-2-0.tif,"[1311.3947143554688, 9367.65380859375, 31.716796875, 39.450439453125]",0.4900527894496918,1
501,230514_2-2-0.tif,"[1028.9060974121094, 8835.181060791016, 40.832794189453125, 31.662582397460938]",0.4900342524051666,1
502,230514_2-2-0.tif,"[4107.73775100708, 6559.67919921875, 22.342254638671875, 38.5740966796875]",0.48924338817596436,1
503,230514_2-2-0.tif,"[9090.353881835938, 7454.681457519531, 38.6602783203125, 23.598876953125]",0.4870784282684326,1
504,230514_2-2-0.tif,"[7665.2677001953125, 9171.41177368164, 20.1805419921875, 42.9281005859375]",0.4870195686817169,1
505,230514_2-2-0.tif,"[7176.520748138428, 8379.89633178711, 41.51027297973633, 30.19659423828125]",0.4867853820323944,1
506,230514_2-2-0.tif,"[6837.552490234375, 8339.710708618164, 23.3436279296875, 40.715423583984375]",0.48579010367393494,1
507,230514_2-2-0.tif,"[7106.274475097656, 7913.860275268555, 39.1939697265625, 17.24163818359375]",0.48560473322868347,1
508,230514_2-2-0.tif,"[6937.0596923828125, 8061.089416503906, 23.47119140625, 38.6138916015625]",0.48423242568969727,1
509,230514_2-2-0.tif,"[1350.3699951171875, 8064.329010009766, 33.7564697265625, 35.4619140625]",0.4827808141708374,1
510,230514_2-2-0.tif,"[9587.91162109375, 8125.4080810546875, 32.021148681640625, 35.239013671875]",0.4825880527496338,1
511,230514_2-2-0.tif,"[9869.674407958984, 9608.733184814453, 41.851348876953125, 34.60198974609375]",0.48005688190460205,1
512,230514_2-2-0.tif,"[7149.719543457031, 8923.380554199219, 18.323486328125, 36.4451904296875]",0.47922754287719727,1
513,230514_2-2-0.tif,"[3719.9144592285156, 7313.529113769531, 24.7222900390625, 46.48663330078125]",0.47914400696754456,1
514,230514_2-2-0.tif,"[8381.611511230469, 8680.770874023438, 41.16455078125, 26.17919921875]",0.47880467772483826,1
515,230514_2-2-0.tif,"[2617.369873046875, 7083.897216796875, 44.54150390625, 30.7208251953125]",0.4788045585155487,1
516,230514_2-2-0.tif,"[3455.927734375, 4790.638259887695, 41.256103515625, 22.155792236328125]",0.47872018814086914,1
517,230514_2-2-0.tif,"[2045.476318359375, 7277.262969970703, 23.74755859375, 34.636627197265625]",0.47815120220184326,1
518,230514_2-2-0.tif,"[3047.2508544921875, 8177.542327880859, 20.2254638671875, 32.171661376953125]",0.47646594047546387,1
519,230514_2-2-0.tif,"[2021.4574584960938, 7498.297180175781, 36.4359130859375, 25.8363037109375]",0.47428351640701294,1
520,230514_2-2-0.tif,"[2345.4579467773438, 7095.607635498047, 45.2047119140625, 18.7906494140625]",0.47385743260383606,1
521,230514_2-2-0.tif,"[7057.373504638672, 7742.757766723633, 37.482025146484375, 38.39862060546875]",0.4729830026626587,1
522,230514_2-2-0.tif,"[1901.953857421875, 8620.001220703125, 28.210205078125, 42.896728515625]",0.47202789783477783,1
523,230514_2-2-0.tif,"[4393.224060058594, 6546.1898193359375, 55.41851806640625, 22.8487548828125]",0.4717933237552643,1
524,230514_2-2-0.tif,"[889.5308837890625, 8807.206665039062, 33.989501953125, 24.619873046875]",0.47126737236976624,1
525,230514_2-2-0.tif,"[7732.7987632751465, 8539.987060546875, 41.187442779541016, 31.9959716796875]",0.4711662530899048,1
526,230514_2-2-0.tif,"[3056.8461303710938, 7246.70622253418, 46.06884765625, 26.1197509765625]",0.46989506483078003,1
527,230514_2-2-0.tif,"[9839.868286132812, 7970.300354003906, 37.8592529296875, 32.44921875]",0.468096524477005,1
528,230514_2-2-0.tif,"[2161.944808959961, 7868.792221069336, 46.75750732421875, 28.888031005859375]",0.4672408103942871,1
529,230514_2-2-0.tif,"[6904.13395690918, 9244.64978981018, 42.52967834472656, 29.809202194213867]",0.4672032296657562,1
530,230514_2-2-0.tif,"[4440.460266113281, 5615.289794921875, 44.693603515625, 22.3626708984375]",0.46665915846824646,1
531,230514_2-2-0.tif,"[1807.0867309570312, 9096.012878417969, 30.0782470703125, 42.32562255859375]",0.4661579728126526,1
532,230514_2-2-0.tif,"[1455.8233947753906, 7365.667709350586, 47.1744384765625, 33.203582763671875]",0.4655473828315735,1
533,230514_2-2-0.tif,"[9071.374816894531, 9714.7333984375, 29.78564453125, 26.19970703125]",0.46413663029670715,1
534,230514_2-2-0.tif,"[536.7635498046875, 9882.481811523438, 37.534629821777344, 32.2958984375]",0.46174314618110657,1
535,230514_2-2-0.tif,"[8040.668273925781, 8745.855041503906, 46.6640625, 36.81365203857422]",0.4614819884300232,1
536,230514_2-2-0.tif,"[7274.127014160156, 9516.734756469727, 36.34075927734375, 39.59327697753906]",0.46019816398620605,1
537,230514_2-2-0.tif,"[779.4633178710938, 8827.4169921875, 35.3560791015625, 31.76043701171875]",0.4591462314128876,1
538,230514_2-2-0.tif,"[9565.97152709961, 8969.414916992188, 40.80267333984375, 34.8336181640625]",0.45909884572029114,1
539,230514_2-2-0.tif,"[2029.0548706054688, 7849.862335205078, 39.94710159301758, 27.91448974609375]",0.4589672088623047,1
540,230514_2-2-0.tif,"[4324.305084228516, 5085.915283203125, 50.303802490234375, 26.5322265625]",0.45854732394218445,1
541,230514_2-2-0.tif,"[9833.303436279297, 3157.3243408203125, 52.196868896484375, 37.50542449951172]",0.4575341045856476,1
542,230514_2-2-0.tif,"[9264.271308898926, 7792.460693359375, 27.4429931640625, 15.446044921875]",0.45599550008773804,1
543,230514_2-2-0.tif,"[1218.2939758300781, 7265.857025146484, 53.503662109375, 26.318878173828125]",0.45473355054855347,1
544,230514_2-2-0.tif,"[3799.5965576171875, 4567.289215087891, 33.167236328125, 15.83563232421875]",0.4539494514465332,1
545,230514_2-2-0.tif,"[7959.6578369140625, 9528.923767089844, 35.4061279296875, 23.1319580078125]",0.45372992753982544,1
546,230514_2-2-0.tif,"[3167.2022094726562, 4978.798889160156, 41.35612487792969, 43.81964111328125]",0.4530813992023468,1
547,230514_2-2-0.tif,"[1323.5815124511719, 6680.6795654296875, 38.533050537109375, 32.212974548339844]",0.45299434661865234,1
548,230514_2-2-0.tif,"[2445.1432495117188, 8010.35107421875, 40.8936767578125, 19.7674560546875]",0.4525950253009796,1
549,230514_2-2-0.tif,"[6940.683807373047, 9479.628105163574, 30.75897216796875, 40.55701446533203]",0.4505949020385742,1
550,230514_2-2-0.tif,"[2926.867889404297, 7001.891540527344, 25.916015625, 44.4949951171875]",0.44962698221206665,1
551,230514_2-2-0.tif,"[8680.631591796875, 9147.066162109375, 24.87957763671875, 36.3658447265625]",0.44539549946784973,1
552,230514_2-2-0.tif,"[6346.494430541992, 9753.942626953125, 30.007415771484375, 44.833251953125]",0.44479039311408997,1
553,230514_2-2-0.tif,"[7309.677215576172, 9368.833827972412, 33.244293212890625, 44.80950164794922]",0.443406343460083,1
554,230514_2-2-0.tif,"[1214.6223602294922, 8245.153076171875, 36.2064208984375, 26.7088623046875]",0.44331490993499756,1
555,230514_2-2-0.tif,"[3477.712677001953, 6932.146240234375, 34.31640625, 39.013671875]",0.44289863109588623,1
556,230514_2-2-0.tif,"[9009.151580810547, 7087.742370605469, 47.5841064453125, 26.23480224609375]",0.44278639554977417,1
557,230514_2-2-0.tif,"[1493.911376953125, 7841.416168212891, 40.6365966796875, 19.24993896484375]",0.44006088376045227,1
558,230514_2-2-0.tif,"[925.15576171875, 9207.578369140625, 39.2061767578125, 31.576416015625]",0.43978118896484375,1
559,230514_2-2-0.tif,"[9183.931274414062, 9900.722412109375, 43.30908203125, 27.026611328125]",0.43905386328697205,1
560,230514_2-2-0.tif,"[2132.2696685791016, 6507.861724853516, 16.7744140625, 40.584686279296875]",0.4372386038303375,1
561,230514_2-2-0.tif,"[8375.277893066406, 9557.889709472656, 35.9312744140625, 37.15576171875]",0.43640974164009094,1
562,230514_2-2-0.tif,"[8533.883911132812, 9621.212829589844, 34.2811279296875, 31.742431640625]",0.4351540803909302,1
563,230514_2-2-0.tif,"[3971.4934692382812, 3893.9386596679688, 48.526123046875, 29.1998291015625]",0.4337546229362488,1
564,230514_2-2-0.tif,"[2321.099334716797, 7892.488616943359, 49.1810302734375, 24.123199462890625]",0.4326484203338623,1
565,230514_2-2-0.tif,"[8095.475524902344, 9644.575256347656, 40.175048828125, 39.21484375]",0.4314955472946167,1
566,230514_2-2-0.tif,"[7651.6468505859375, 8360.213302612305, 39.7275390625, 32.329559326171875]",0.4310867190361023,1
567,230514_2-2-0.tif,"[9993.343139648438, 7525.735321044922, 6.6568603515625, 41.35809326171875]",0.42950424551963806,1
568,230514_2-2-0.tif,"[9163.905395507812, 8793.226593017578, 40.28564453125, 34.379730224609375]",0.42801740765571594,1
569,230514_2-2-0.tif,"[1456.9821166992188, 7266.280212402344, 40.35699462890625, 19.044479370117188]",0.42456531524658203,1
570,230514_2-2-0.tif,"[3103.2041988372803, 5210.08642578125, 42.54619026184082, 27.575927734375]",0.4243590831756592,1
571,230514_2-2-0.tif,"[7732.81014251709, 9055.387725830078, 39.261817932128906, 27.19293212890625]",0.42407095432281494,1
572,230514_2-2-0.tif,"[9267.472709655762, 8508.057250976562, 38.57719421386719, 37.162353515625]",0.4226921796798706,1
573,230514_2-2-0.tif,"[794.0641479492188, 9920.767456054688, 23.60089111328125, 34.5272216796875]",0.4210974872112274,1
574,230514_2-2-0.tif,"[4065.2540283203125, 5404.923187255859, 35.1336669921875, 35.640869140625]",0.4209452271461487,1
575,230514_2-2-0.tif,"[3498.4652099609375, 4619.6209716796875, 27.5928955078125, 50.637939453125]",0.41950684785842896,1
576,230514_2-2-0.tif,"[8475.706787109375, 9043.115844726562, 35.640380859375, 31.7978515625]",0.4176650941371918,1
577,230514_2-2-0.tif,"[9985.120849609375, 8492.998779296875, 14.7586669921875, 20.4200439453125]",0.416736364364624,1
578,230514_2-2-0.tif,"[4065.0203857421875, 4859.458648681641, 49.59912109375, 28.1240234375]",0.41663289070129395,1
579,230514_2-2-0.tif,"[8805.826927185059, 9783.776489257812, 25.448570251464844, 36.5439453125]",0.41621315479278564,1
580,230514_2-2-0.tif,"[3236.759262084961, 7640.250762939453, 34.947052001953125, 19.762939453125]",0.4149944484233856,1
581,230514_2-2-0.tif,"[4346.244705200195, 5303.6539306640625, 54.03831481933594, 32.3829345703125]",0.41189470887184143,1
582,230514_2-2-0.tif,"[2765.207061767578, 6343.707870483398, 42.3177490234375, 31.081390380859375]",0.407804399728775,1
583,230514_2-2-0.tif,"[9289.84147644043, 8726.33154296875, 35.12031555175781, 30.75344467163086]",0.4074738025665283,1
584,230514_2-2-0.tif,"[7290.101699829102, 9591.844116210938, 38.80902099609375, 36.87774658203125]",0.40351277589797974,1
585,230514_2-2-0.tif,"[1922.0864868164062, 8192.80247592926, 48.06524658203125, 30.82638454437256]",0.4034121632575989,1
586,230514_2-2-0.tif,"[1333.7842712402344, 7983.775115966797, 38.49188232421875, 21.901611328125]",0.40250128507614136,1
587,230514_2-2-0.tif,"[6836.255661010742, 9704.626037597656, 19.787445068359375, 36.0245361328125]",0.40244829654693604,1
588,230514_2-2-0.tif,"[2980.2329711914062, 4213.5511474609375, 49.23016357421875, 10.3431396484375]",0.4009009897708893,1
589,230514_2-2-0.tif,"[3753.6437377929688, 5480.311279296875, 39.038665771484375, 32.87548828125]",0.4001089632511139,1
590,230514_2-2-0.tif,"[940.5054321289062, 8646.703308105469, 43.411376953125, 21.135986328125]",0.3993700444698334,1
591,230514_2-2-0.tif,"[2492.235107421875, 7996.128601074219, 41.9443359375, 23.799560546875]",0.39896360039711,1
592,230514_2-2-0.tif,"[7240.270904541016, 8481.541137695312, 39.408111572265625, 26.8001708984375]",0.39868372678756714,1
593,230514_2-2-0.tif,"[7326.671661376953, 7989.572692871094, 36.49530029296875, 32.1177978515625]",0.398474782705307,1
594,230514_2-2-0.tif,"[6387.680877685547, 7119.460510253906, 31.66339111328125, 56.1644287109375]",0.3983515799045563,1
595,230514_2-2-0.tif,"[2457.5865478515625, 7908.405364990234, 35.68121337890625, 30.06488037109375]",0.39651012420654297,1
596,230514_2-2-0.tif,"[864.013671875, 8890.836349487305, 34.468017578125, 28.44268798828125]",0.3886130750179291,1
597,230514_2-2-0.tif,"[7073.515869140625, 8986.57113647461, 40.121826171875, 21.483642578125]",0.38853737711906433,1
598,230514_2-2-0.tif,"[2628.8353271484375, 4376.8726806640625, 39.114013671875, 28.24578857421875]",0.388451486825943,1
599,230514_2-2-0.tif,"[7519.845947265625, 8597.86489868164, 35.5830078125, 31.3294677734375]",0.3878328800201416,1
600,230514_2-2-0.tif,"[6240.893096923828, 9204.516174316406, 22.07196044921875, 44.1468505859375]",0.38515251874923706,1
601,230514_2-2-0.tif,"[718.2728271484375, 9463.32698059082, 45.21771240234375, 22.975051879882812]",0.3836137652397156,1
602,230514_2-2-0.tif,"[9311.72974395752, 8310.053344726562, 17.45732879638672, 71.23358154296875]",0.381822407245636,1
603,230514_2-2-0.tif,"[996.1949462890625, 8626.896728515625, 42.51708984375, 19.720947265625]",0.3783828318119049,1
604,230514_2-2-0.tif,"[4367.8953857421875, 5047.0145263671875, 36.73681640625, 34.67138671875]",0.376137375831604,1
605,230514_2-2-0.tif,"[9987.557250976562, 7361.776229858398, 12.2498779296875, 37.37298583984375]",0.3723565340042114,1
606,230514_2-2-0.tif,"[9505.207061767578, 9724.041015625, 43.727386474609375, 20.787872314453125]",0.36604738235473633,1
607,230514_2-2-0.tif,"[3561.8729248046875, 4307.569000244141, 21.23431396484375, 47.313507080078125]",0.3635486662387848,1
608,230514_2-2-0.tif,"[3922.3673706054688, 5910.043273925781, 39.17047119140625, 34.6202392578125]",0.3630055785179138,1
609,230514_2-2-0.tif,"[6683.194519042969, 7820.9085693359375, 37.09071350097656, 23.604736328125]",0.3628627061843872,1
610,230514_2-2-0.tif,"[9247.503402709961, 8382.723541259766, 40.486419677734375, 47.20635986328125]",0.3606466054916382,1
611,230514_2-2-0.tif,"[3320.6122436523438, 4531.375061035156, 41.556396484375, 28.5765380859375]",0.3602854609489441,1
612,230514_2-2-0.tif,"[9258.268356323242, 9330.453308105469, 20.645217895507812, 13.49267578125]",0.3578806519508362,1
613,230514_2-2-0.tif,"[571.1875762939453, 9478.663757324219, 55.07145690917969, 21.689697265625]",0.3542212247848511,1
614,230514_2-2-0.tif,"[3659.841064453125, 4600.827392578125, 39.367218017578125, 30.98345947265625]",0.3500503897666931,1
615,230514_2-2-0.tif,"[7514.705780029297, 8034.585296630859, 40.56927490234375, 19.86346435546875]",0.3500118553638458,1
616,230514_2-2-0.tif,"[7108.51220703125, 8670.43130493164, 22.3477783203125, 23.2884521484375]",0.34634512662887573,1
617,230514_2-2-0.tif,"[2012.490966796875, 7182.675598144531, 45.8289794921875, 20.895164489746094]",0.3423740863800049,1
618,230514_2-2-0.tif,"[1156.7647094726562, 9482.129211425781, 45.2569580078125, 26.65301513671875]",0.3403279185295105,1
619,230514_2-2-0.tif,"[3198.386444091797, 6725.714141845703, 21.58526611328125, 42.46734619140625]",0.339069664478302,1
620,230514_2-2-0.tif,"[861.4797973632812, 9542.699157714844, 40.432861328125, 33.57025146484375]",0.3355720639228821,1
621,230514_2-2-0.tif,"[686.3109893798828, 9683.022277832031, 35.69366455078125, 31.68603515625]",0.33484163880348206,1
622,230514_2-2-0.tif,"[707.1159973144531, 9050.015441894531, 41.5146484375, 20.82977294921875]",0.33317452669143677,1
623,230514_2-2-0.tif,"[9086.817138671875, 8850.79898071289, 18.9222412109375, 33.078582763671875]",0.33208075165748596,1
624,230514_2-2-0.tif,"[2113.041519165039, 7304.086120605469, 37.77629089355469, 24.130386352539062]",0.32645195722579956,1
625,230514_2-2-0.tif,"[6924.6915283203125, 8297.225616455078, 41.9271240234375, 34.3258056640625]",0.32584938406944275,1
626,230514_2-2-0.tif,"[4096.0, 5182.724018096924, 28.648258209228516, 30.153438568115234]",0.32120832800865173,1
627,230514_2-2-0.tif,"[1364.6016235351562, 7761.478843688965, 37.95257568359375, 25.557044982910156]",0.31833261251449585,1
628,230514_2-2-0.tif,"[8955.31069946289, 9991.6630859375, 29.80767822265625, 8.265625]",0.3173549771308899,1
629,230514_2-2-0.tif,"[2510.2498474121094, 6763.464706420898, 33.38037109375, 28.739501953125]",0.3167073428630829,1
630,230514_2-2-0.tif,"[7825.447418212891, 9152.271362304688, 28.26837158203125, 38.8011474609375]",0.3153580129146576,1
631,230514_2-2-0.tif,"[3762.4073181152344, 4037.5119018554688, 32.852996826171875, 34.22283935546875]",0.3153207302093506,1
632,230514_2-2-0.tif,"[2484.6822814941406, 8366.754150390625, 31.17462158203125, 24.42681884765625]",0.31510046124458313,1
633,230514_2-2-0.tif,"[2297.0879974365234, 9146.348388671875, 24.013442993164062, 30.386474609375]",0.31049469113349915,1
634,230514_2-2-0.tif,"[2030.9941101074219, 7118.5494384765625, 35.344512939453125, 44.442626953125]",0.3098445534706116,1
635,230514_2-2-0.tif,"[4237.2373046875, 4048.4241333007812, 44.190948486328125, 24.73583984375]",0.30468448996543884,1
636,230514_2-2-0.tif,"[4384.373321533203, 6520.120788574219, 56.9947509765625, 23.1412353515625]",0.3040567934513092,1
637,230514_2-2-0.tif,"[1566.775375366211, 6404.966156005859, 44.43279266357422, 24.64825439453125]",0.2997838854789734,1
638,230514_2-2-0.tif,"[3504.0228271484375, 5045.567047119141, 50.1573486328125, 34.541259765625]",0.2929576635360718,1
639,230514_2-2-0.tif,"[5638.947692871094, 9780.396606445312, 37.5482177734375, 25.209228515625]",0.28597837686538696,1
640,230514_2-2-0.tif,"[554.0688400268555, 9992.786071777344, 37.99988555908203, 7.21392822265625]",0.2856415808200836,1
641,230514_2-2-0.tif,"[9031.394653320312, 5683.8524169921875, 41.26251220703125, 26.484893798828125]",0.2852385342121124,1
642,230514_2-2-0.tif,"[716.9908142089844, 9410.503982543945, 45.511199951171875, 28.1951904296875]",0.27754124999046326,1
643,230514_2-2-0.tif,"[2835.9747924804688, 5935.016387939453, 33.85693359375, 25.84326171875]",0.2749076187610626,1
644,230514_2-2-0.tif,"[1332.3734130859375, 7380.836883544922, 30.509521484375, 42.76556396484375]",0.2736044228076935,1
645,230514_2-2-0.tif,"[2730.3255767822266, 4662.120056152344, 26.969268798828125, 41.028076171875]",0.26746666431427,1
646,230514_2-2-0.tif,"[3515.9525146484375, 7252.909729003906, 28.7303466796875, 39.810302734375]",0.2589966654777527,1
647,230514_2-2-0.tif,"[8484.767395019531, 9310.224349975586, 33.3524169921875, 39.37615966796875]",0.25489240884780884,1
648,230514_2-2-0.tif,"[2714.654830932617, 4430.543029785156, 39.805633544921875, 22.6600341796875]",0.2548674941062927,1
649,230514_2-2-0.tif,"[7136.6983642578125, 9148.431732177734, 12.49224853515625, 19.04412841796875]",0.2546107769012451,1
650,230514_2-2-0.tif,"[3694.4421997070312, 5229.5040283203125, 40.76019287109375, 18.177734375]",0.2513302266597748,1
